author,description,illustrator,image,introduceder,price,title,url
Madeline Miller,Star-crossed romance and heart-pounding historical adventure meet in Madeline Miller’s The Song of Achilles. This special collector’s edition is introduced by classicist Emily Wilson and illustrated by Julie Dillon.,Julie Dillon,https://www.foliosociety.com/media/catalog/product/a/c/acll_bookshot.png?quality=80&fit=bounds&height=700&width=700&canvas=700:700,Emily Wilson,60.0,The Song of Achilles,https://www.foliosociety.com/row/the-song-of-achilles.html
Henning Mankell,Henning Mankell’s second Wallander mystery sees the detective wrestle with conspiracy and corruption in an unfriendly country. The Folio edition of The Dogs of Riga is illustrated by Morgan Schweitzer.,Morgan Schweitzer,https://www.foliosociety.com/media/catalog/product/d/o/dorg_bookshot.png?quality=80&fit=bounds&height=700&width=700&canvas=700:700,,50.0,The Dogs of Riga ,https://www.foliosociety.com/row/the-dogs-of-riga.html
Carlos Ruiz Zafón,Carlos Ruiz Zafón’s best-selling phenomenon The Shadow of the Wind is beautifully presented as a Folio collector’s edition with a new preface by translator Lucia Graves and atmospheric artwork by Jorge González.,Jorge González,https://www.foliosociety.com/media/catalog/product/s/o/sotw_bookshot.png?quality=80&fit=bounds&height=700&width=700&canvas=700:700,Lucia Graves,80.0,The Shadow of the Wind,https://www.foliosociety.com/row/the-shadow-of-the-wind.html
Stephen King,Michael Dirda chooses the best Weird Tales ever written for this exclusive new collection from The Folio Society. Cthulhu and his ilk are summoned to the page by artist Harry Campbell. ,Harry Campbell,https://www.foliosociety.com/media/catalog/product/w/r/wrdt_bookshot_1.png?quality=80&fit=bounds&height=700&width=700&canvas=700:700,,49.95,Weird Tales,https://www.foliosociety.com/row/weird-tales.html
Ursula K. Le Guin,Ursula K. Le Guin’s masterwork comes to a close with the final volume of the Earthsea series. The Folio Society edition of The Other Wind is illustrated by series artist David Lupton.,David Lupton,https://www.foliosociety.com/media/catalog/product/w/i/wind_bookshot_1.png?quality=80&fit=bounds&height=700&width=700&canvas=700:700,,49.95,The Other Wind,https://www.foliosociety.com/row/the-other-wind.html
Iain M. Banks,"Following science-fiction landmark Consider Phlebas, Folio continues Iain M. Banks’s Culture novels with The Player of Games, featuring mesmerising original artwork by series artist Dániel Taylor.",Dániel Taylor,https://www.foliosociety.com/media/catalog/product/t/p/tpog_bookshot.png?quality=80&fit=bounds&height=700&width=700&canvas=700:700,,85.0,The Player of Games,https://www.foliosociety.com/row/the-player-of-games.html
Diana Wynne Jones,"From the author of Howl’s Moving Castle, Diana Wynne Jones, comes The Magicians of Caprona, the second book in the fantastical ‘Chrestomanci’ series, presented by Folio in its first ever fully illustrated edition with artwork by Alison Bryant.",Alison Bryant,https://www.foliosociety.com/media/catalog/product/m/g/mgoc_bookshot.png?quality=80&fit=bounds&height=700&width=700&canvas=700:700,,44.95,The Magicians of Caprona,https://www.foliosociety.com/row/the-magicians-of-caprona.html
Stephen King,Dare you walk the path that leads to the Pet Sematary? Stephen King’s most terrifying book is celebrated in this spectacular 40th anniversary edition. Illustrated by award-winning series artist Edward Kinsella.,Edward Kinsella,https://www.foliosociety.com/media/catalog/product/p/e/pets_bookshot.png?quality=80&fit=bounds&height=700&width=700&canvas=700:700,,60.0,Pet Sematary,https://www.foliosociety.com/row/pet-sematary.html
Diana Wynne Jones,The first volume of the bewitching ‘Chrestomanci’ series by Diana Wynne Jones. Charmed Life arrives in an explosion of magic in this edition illustrated by Alison Bryant and introduced by Katherine Rundell.,Alison Bryant,https://www.foliosociety.com/media/catalog/product/c/h/chlf__bookshot.png?quality=80&fit=bounds&height=700&width=700&canvas=700:700,Katherine Rundell,44.95,Charmed Life,https://www.foliosociety.com/row/charmed-life.html
Anthony Burgess,"One of the most important books of the 20th century, Anthony Burgess’s A Clockwork Orange is presented as a stunning Folio edition that includes an exclusive introduction by Irvine Welsh.",Ben Jones,https://www.foliosociety.com/media/catalog/product/c/k/cko_bookshot.png?quality=80&fit=bounds&height=700&width=700&canvas=700:700,Irvine Welsh,44.95,A Clockwork Orange,https://www.foliosociety.com/row/a-clockwork-orange.html
Irvine Welsh,"Choose Trainspotting, the explosive debut of author Irvine Welsh, as Folio celebrates the 30th anniversary of this cult classic with the first illustrated edition ever published.",Nicole Rifkin,https://www.foliosociety.com/media/catalog/product/t/r/trsp_bookshot.png?quality=80&fit=bounds&height=700&width=700&canvas=700:700,John Sutherland,60.0,Trainspotting,https://www.foliosociety.com/row/trainspotting.html
Enid Blyton,"The first adventure in the Folio Society editions of ‘The Magic Faraway Tree’ series, Enid Blyton’s The Enchanted Wood features Jonathan Burton’s enchanting illustrations and a new introduction by Michael Morpurgo. ",Jonathan Burton,https://www.foliosociety.com/media/catalog/product/e/n/enwd_bookshot.png?quality=80&fit=bounds&height=700&width=700&canvas=700:700,Michael Morpurgo,44.95,The Enchanted Wood,https://www.foliosociety.com/row/the-enchanted-wood.html
Hilary Mantel,"Hilary Mantel’s monumental trilogy continues with Bring Up the Bodies. Published in series with Wolf Hall, this lavish Folio edition is illustrated by celebrated artists Igor &amp; Marina. ",Igor & Marina,https://www.foliosociety.com/media/catalog/product/b/u/bupb_bookshot.png?quality=80&fit=bounds&height=700&width=700&canvas=700:700,,85.0,Bring Up the Bodies,https://www.foliosociety.com/row/bring-up-the-bodies.html
William Blake,"With every poem perfectly reproduced from the finest surviving copy of William Blake’s Songs of Innocence and of Experience, this Folio collector’s edition is introduced by Patti Smith. ",the author,https://www.foliosociety.com/media/catalog/product/s/o/soil_bookshot.png?quality=80&fit=bounds&height=700&width=700&canvas=700:700,Patti Smith,150.0,Songs of Innocence and of Experience,https://www.foliosociety.com/row/blake-songs-of-innocence-and-of-experience.html
Ursula K. Le Guin,"For Tales from Earthsea, Ursula K. Le Guin returns to her beloved fantasy world to reveal its very foundations. This Folio Society edition features illustrations by David Lupton.",David Lupton,https://www.foliosociety.com/media/catalog/product/e/r/erth_bookshot.png?quality=80&fit=bounds&height=700&width=700&canvas=700:700,,49.95,Tales from Earthsea,https://www.foliosociety.com/row/tales-from-earthsea.html
Mary Shelley,Relish the thrilling horror of Frankenstein in Folio’s stunning new edition. Mary Shelley's darkly disturbing tale is illustrated by Angela Barrett and newly introduced by Richard Holmes.,Angela Barrett,https://www.foliosociety.com/media/catalog/product/f/r/frnk_bookshot.png?quality=80&fit=bounds&height=700&width=700&canvas=700:700,Richard Holmes,65.0,Frankenstein,https://www.foliosociety.com/row/frankenstein-shelley.html
Cormac McCarthy,Cormac McCarthy’s sparse and beautiful writing is perfectly mirrored by Gérard DuBois’s hauntingly understated images for this Folio Society edition of the Western thriller No Country for Old Men.,Gérard DuBois,https://www.foliosociety.com/media/catalog/product/n/c/ncom_bookshot.png?quality=80&fit=bounds&height=700&width=700&canvas=700:700,,49.95,No Country for Old Men,https://www.foliosociety.com/row/no-country-for-old-men.html
Cormac McCarthy,"Multi-layered, violent and beautiful, Cormac McCarthy’s Blood Meridian is a modern classic justly celebrated in this Folio Society edition, illustrated by award-winning artist Gérard DuBois.",Gérard DuBois,https://www.foliosociety.com/media/catalog/product/b/m/bmer_bookshot.png?quality=80&fit=bounds&height=700&width=700&canvas=700:700,,49.95,Blood Meridian,https://www.foliosociety.com/row/blood-meridian.html
Frank Herbert,"Discover the true scope of Frank Herbert’s vision in Dune: Messiah, the epic second act in the classic sci-fi saga, presented in a cinematic illustrated edition from The Folio Society.",Hilary Clarcq,https://www.foliosociety.com/media/catalog/product/m/e/mess_bookshot.png?quality=80&fit=bounds&height=700&width=700&canvas=700:700,,75.0,Dune: Messiah,https://www.foliosociety.com/row/dune-messiah.html
Michael Chabon,"Behold an assembly of iconic adventures in The Avengers. Curated by Marvel legend Roy Thomas, this bold new edition from Folio gathers the greatest tales of Earth’s Mightiest Heroes, featuring Captain America, Iron Man, Thor, Hulk and more.",Chris Samnee,https://www.foliosociety.com/media/catalog/product/m/v/mvav_bookshot.png?quality=80&fit=bounds&height=700&width=700&canvas=700:700,,65.0,The Avengers,https://www.foliosociety.com/row/the-avengers.html
Peter Benchley,"Peter Benchley’s Jaws is the ultimate pulp thriller, and this is the ultimate illustrated edition. Folio commissioned Hokyoung Kim for the artwork, while the late author’s wife, Wendy Benchley, provides a fascinating new introduction.",Hokyoung Kim,https://www.foliosociety.com/media/catalog/product/j/a/jaws_bookshot.png?quality=80&fit=bounds&height=700&width=700&canvas=700:700,Wendy Benchley,44.95,Jaws,https://www.foliosociety.com/row/jaws.html
Michael Ende,"To mark Folio’s 75th anniversary, Michael Ende’s The Neverending Story is published as a magical new edition, beautifully illustrated by award-winning artist Marie-Alice Harel and bursting with exquisite design details.",Marie-Alice Harel,https://www.foliosociety.com/media/catalog/product/n/e/nevs_bookshot.png?quality=80&fit=bounds&height=700&width=700&canvas=700:700,,85.0,The Neverending Story,https://www.foliosociety.com/row/the-neverending-story.html
Ursula K. Le Guin,Earthsea’s hero Ged continues his story in the third part of Ursula K. Le Guin’s classic fantasy series. The Folio edition of The Farthest Shore features illustrations by David Lupton.,David Lupton,https://www.foliosociety.com/media/catalog/product/s/h/shor_bookshot.png?quality=80&fit=bounds&height=700&width=700&canvas=700:700,,49.95,The Farthest Shore,https://www.foliosociety.com/row/the-farthest-shore.html
Kazuo Ishiguro,Uncover a spectacular piece of fantasy literature from Nobel Prize-winning author Kazuo Ishiguro. The Folio edition of The Buried Giant is illustrated by Jana Heidersdorf and introduced by Daniel Kehlmann.,Jana Heidersdorf,https://www.foliosociety.com/media/catalog/product/b/u/burg_bookshot.png?quality=80&fit=bounds&height=700&width=700&canvas=700:700,Daniel Kehlmann,75.0,The Buried Giant,https://www.foliosociety.com/row/the-buried-giant.html
Arkady & Boris Strugatsky,"The Strugatsky Brothers’ science fiction mastery meets David McKean’s phenomenal artistic talent in this new Folio limited edition. Introduced and signed by the artist, and limited to just 600 copies, this is a stunning issue of Roadside Picnic.",Dave McKean,https://www.foliosociety.com/media/catalog/product/p/i/picl_bookshot.png?quality=80&fit=bounds&height=700&width=700&canvas=700:700,Dave McKean,295.0,Roadside Picnic (Limited Edition),https://www.foliosociety.com/row/roadside-picnic-limited-edition.html
George R. R. Martin,The story that exploded into the world with A Game of Thrones continues in George R. R. Martin’s A Dance with Dragons. Jonathan Burton illustrates this very special Folio edition.,Jonathan Burton,https://www.foliosociety.com/media/catalog/product/g/t/gt5_bookshot.png?quality=80&fit=bounds&height=700&width=700&canvas=700:700,,160.0,A Dance with Dragons,https://www.foliosociety.com/row/a-dance-with-dragons.html
,"Unleash the thunder with Thor, Folio’s latest in the Marvel Heroes series, showcasing the world’s mightiest Super Heroes. Witness the debut of the thunder god’s nemesis Loki in legendary comic books by Stan Lee, Jack Kirby and Walt Simonson.",,https://www.foliosociety.com/media/catalog/product/t/h/thor_bookshot.png?quality=80&fit=bounds&height=700&width=700&canvas=700:700,,65.0,Thor,https://www.foliosociety.com/row/thor.html
Wu Ch’eng-en,"One of the Four Great Chinese novels, and a worldwide cultural phenomenon, Monkey is reimagined as a Folio edition with exquisite artwork by Mu Pan, including a foldout map, and a new introduction by Frances Wood.",Mu Pan,https://www.foliosociety.com/media/catalog/product/m/o/monk_bookshot.png?quality=80&fit=bounds&height=700&width=700&canvas=700:700,Frances Wood,75.0,Monkey,https://www.foliosociety.com/row/monkey.html
Toni Morrison,"Awarded the Pulitzer Prize in 1988, Toni Morrison’s seminal novel Beloved remains an enduring masterpiece. The Folio edition is introduced by Russell Banks and features illustrations by Joe Morse.",Joe Morse,https://www.foliosociety.com/media/catalog/product/b/v/bvd_bookshot.png?quality=80&fit=bounds&height=700&width=700&canvas=700:700,Russell Banks,49.95,Beloved,https://www.foliosociety.com/row/beloved.html
Arthur C. Clarke,Arthur C. Clarke’s seminal sci-fi novel Childhood’s End charts a utopian alien invasion with a surprising twist. This beautiful new edition features the spectacular artwork of Grace Aldrich.,Grace Aldrich,https://www.foliosociety.com/media/catalog/product/c/e/cend_bookshot.png?quality=80&fit=bounds&height=700&width=700&canvas=700:700,,55.0,Childhood’s End,https://www.foliosociety.com/row/childhood-s-end.html
Georgette Heyer,"Georgette Heyer’s witty and addictive regency romance Arabella is designed in series with Folio’s edition of Venetia, featuring Sally Dunne’s beautiful illustrations, and intricate binding lettering by Jessica Hische.",Sally Dunne,https://www.foliosociety.com/media/catalog/product/a/b/abll_bookshot.png?quality=80&fit=bounds&height=700&width=700&canvas=700:700,,49.95,Arabella,https://www.foliosociety.com/row/arabella.html
Ian Fleming,Ian Fleming’s super spy returns in five thrilling short stories. The latest title in the Folio James Bond collection features glamorous artwork and an illustrated slipcase by series artist Fay Dalton.,Fay Dalton,https://www.foliosociety.com/media/catalog/product/j/b/jbe_bookshot.png?quality=80&fit=bounds&height=700&width=700&canvas=700:700,,46.95,For Your Eyes Only,https://www.foliosociety.com/row/for-your-eyes-only.html
Shirley Jackson,Let Shirley Jackson’s We Have Always Lived in the Castle cast a spell on you. With an afterword by Donna Tartt written exclusively for this illustrated Folio Society edition.,Angie Hoffmeister,https://www.foliosociety.com/media/catalog/product/c/a/cast_book.png?quality=80&fit=bounds&height=700&width=700&canvas=700:700,,49.95,We Have Always Lived in the Castle,https://www.foliosociety.com/row/we-have-always-lived-in-the-castle.html
Agatha Christie,Queen of Crime Agatha Christie invites you into a shadowy world of black magic and cold-blooded murder. The Pale Horse is the latest volume in the Folio Christie collection.,Olivia Daw,https://www.foliosociety.com/media/catalog/product/p/a/pale_bookshot.png?quality=80&fit=bounds&height=700&width=700&canvas=700:700,,49.95,The Pale Horse,https://www.foliosociety.com/row/the-pale-horse.html
Iain M. Banks,The first of Iain M. Banks’ ‘Culture’ novels dives into the heart of an interstellar war. Dániel Taylor provides the spectacular images for Folio’s edition of Consider Phlebas.,Dániel Taylor,https://www.foliosociety.com/media/catalog/product/c/p/cphb_bookshot.png?quality=80&fit=bounds&height=700&width=700&canvas=700:700,,85.0,Consider Phlebas,https://www.foliosociety.com/row/consider-phlebas.html
Dodie Smith,"Love, loyalty and the bond between sisters are explored and celebrated in Dodie Smith’s enduring classic. The Folio Society edition of I Capture the Castle features charming illustrations by Sarah Dyer.",Sarah Dyer,https://www.foliosociety.com/media/catalog/product/i/c/ictc_bookshot.png?quality=80&fit=bounds&height=700&width=700&canvas=700:700,,60.0,I Capture the Castle,https://www.foliosociety.com/row/i-capture-the-castle.html
Georgette Heyer,"Georgette Heyer brings her wry take on regency romance to Frederica, illustrated by Sally Dunne and with a beautiful binding design by Jessica Hische, in the third book of this exclusive Folio series.",Sally Dunne,https://www.foliosociety.com/media/catalog/product/f/d/fdra_bookshot.png?quality=80&fit=bounds&height=700&width=700&canvas=700:700,,49.95,Frederica,https://www.foliosociety.com/row/frederica.html
Haruki Murakami,"The latest addition to our best-selling Murakami collection, The Wind-Up Bird Chronicle is a masterpiece exploring the surreal that is hidden in plain sight. This beautiful edition is illustrated by award-winning series artist Daniel Liévano.",Daniel Liévano,https://www.foliosociety.com/media/catalog/product/w/u/wubc_bookshot.png?quality=80&fit=bounds&height=700&width=700&canvas=700:700,,85.0,The Wind-Up Bird Chronicle,https://www.foliosociety.com/row/the-wind-up-bird-chronicle.html
Henning Mankell,"Henning Mankell’s Faceless Killers made detective Wallander a household name and catapulted Nordic noir into the mainstream. The first ever illustrated edition, with an introduction by Patti Smith, is a must-have for fans of the genre.",Morgan Schweitzer,https://www.foliosociety.com/media/catalog/product/f/k/fkls_bookshot.png?quality=80&fit=bounds&height=700&width=700&canvas=700:700,Patti Smith,50.0,Faceless Killers,https://www.foliosociety.com/row/faceless-killers.html
Italo Calvino,Italo Calvino’s beguiling and mysterious Invisible Cities defies explanation. Dave McKean’s rich visuals illustrate the wondrous and impossible urban landscapes in a Folio edition that is introduced by Jeanette Winterson. ,Dave McKean,https://www.foliosociety.com/media/catalog/product/i/n/invc_bookshot.png?quality=80&fit=bounds&height=700&width=700&canvas=700:700,Jeanette Winterson,60.0,Invisible Cities,https://www.foliosociety.com/row/invisible-cities.html
Ursula K. Le Guin,"The Folio Society’s edition of Tehanu, the fourth story in the series, continues the work of bringing Ursula K. Le Guin’s Earthsea to life. With enchanting illustrations by David Lupton. ",David Lupton,https://www.foliosociety.com/media/catalog/product/t/e/teh_bookshot.png?quality=80&fit=bounds&height=700&width=700&canvas=700:700,,49.95,Tehanu,https://www.foliosociety.com/row/tehanu.html
Jhumpa Lahiri,"Jhumpa Lahiri's Pulitzer Prize-winning short story collection, Interpreter of Maladies, is gorgeously illustrated for the first time by Shreya Gupta, exclusively for the Folio Society.",Shreya Gupta,https://www.foliosociety.com/media/catalog/product/i/n/intm_bookshot.png?quality=80&fit=bounds&height=700&width=700&canvas=700:700,,50.0,Interpreter of Maladies,https://www.foliosociety.com/row/interpreter-of-maladies.html
Agatha Christie,"A glamorous family, unbearable suspense and murder. The Folio edition of this classic mystery from the queen of detective fiction, Agatha Christie’s Ordeal by Innocence is illustrated by Laura Hope.",Laura Hope,https://www.foliosociety.com/media/catalog/product/o/b/obyi_bookshot.png?quality=80&fit=bounds&height=700&width=700&canvas=700:700,,49.95,Ordeal by Innocence,https://www.foliosociety.com/row/ordeal-by-innocence.html
Dante Alighieri,"An exceptional Folio edition celebrating more than 700 years of Dante’s monumental work, The Divine Comedy is illustrated by Neil Packer and includes an exclusive essay by Jhumpa Lahiri.",Neil Packer,https://www.foliosociety.com/media/catalog/product/d/i/divc_bookshot.png?quality=80&fit=bounds&height=700&width=700&canvas=700:700,,100.0,The Divine Comedy,https://www.foliosociety.com/row/the-divine-comedy-dante.html
Michael Crichton,"The book that launched a phenomenal global franchise, Michael Crichton’s Jurassic Park is a rip-roaring, fact-filled, rollercoaster read and this illustrated Folio Society edition is the T-Rex of them all.",Vector That Fox,https://www.foliosociety.com/media/catalog/product/j/u/jur_book.png?quality=80&fit=bounds&height=700&width=700&canvas=700:700,,39.95,Jurassic Park,https://www.foliosociety.com/row/jurassic-park.html
Haruki Murakami,"Newly introduced by Haruki Murakami, this outstanding Folio Society collector’s edition of Kafka on the Shore features the enigmatic and fantastical artwork of illustrator Daniel Liévano.",Daniel Liévano,https://www.foliosociety.com/media/catalog/product/k/a/kaf_book.png?quality=80&fit=bounds&height=700&width=700&canvas=700:700,the author,85.0,Kafka on the Shore,https://www.foliosociety.com/row/kafka-on-the-shore.html
Michael Chabon,"Experience the amazing adventures of Marvel’s iconic Super Hero in Spider-Man, the second volume in Folio’s exclusive ‘Marvel Heroes’ series. Featuring acclaimed comic books by Stan Lee, Steve Dikto, Todd McFarlane and Brian Michael Bendis. ",Chris Samnee,https://www.foliosociety.com/media/catalog/product/m/v/mvm_bookshot_1.png?quality=80&fit=bounds&height=700&width=700&canvas=700:700,,65.0,Spider-Man,https://www.foliosociety.com/row/spider-man.html
Bram Stoker,"Lavishly illustrated by Angela Barrett and beautifully bound in blocked cloth, this new Folio Society edition of Bram Stoker’s Dracula is a fitting tribute to a gothic masterpiece.  ",Angela Barrett,https://www.foliosociety.com/media/catalog/product/d/r/drac_bookshot_1.png?quality=80&fit=bounds&height=700&width=700&canvas=700:700,John Banville,65.0,Dracula,https://www.foliosociety.com/row/dracula.html
Michael Crichton,The nightmare is far from over for humankind in Michael Crichton’s action-packed follow-up to Jurassic Park. This Folio edition of The Lost World is illustrated by Vector That Fox.,Vector That Fox,https://www.foliosociety.com/media/catalog/product/l/w/lwrd_bookshot.png?quality=80&fit=bounds&height=700&width=700&canvas=700:700,,39.95,The Lost World,https://www.foliosociety.com/row/the-lost-world.html
Alice Walker,"One of the greatest works of modern fiction, Alice Walker's Pulitzer Prize-winning novel The Color Purple is presented in a beautifully crafted new Folio edition, illustrated by British artist Lela Harris. ",Lela Harris,https://www.foliosociety.com/media/catalog/product/p/u/purp_bookshot.png?quality=80&fit=bounds&height=700&width=700&canvas=700:700,,47.95,The Color Purple,https://www.foliosociety.com/row/the-color-purple.html
Fyodor Dostoyevsky,"Seven of Fyodor Dostoyevsky’s greatest works of shorter fiction are presented in this striking new Folio Society collector’s edition, illustrated with Harry Brockway’s wood engravings and introduced by author Joyce Carol Oates. ",Harry Brockway,https://www.foliosociety.com/media/catalog/product/d/o/dost_bookshot.png?quality=80&fit=bounds&height=700&width=700&canvas=700:700,Joyce Carol Oates,60.0,The Best Short Stories of Fyodor Dostoyevsky,https://www.foliosociety.com/row/the-best-short-stories-of-fyodor-dostoevsky.html
George R. R. Martin,Discover the story of treachery and magic that began with the phenomenal A Game of Thrones. This lavish edition of George R. R. Martin’s A Feast for Crows is illustrated by Jonathan Burton.,Jonathan Burton,https://www.foliosociety.com/media/catalog/product/g/t/gt4_book.png?quality=80&fit=bounds&height=700&width=700&canvas=700:700,,160.0,A Feast for Crows,https://www.foliosociety.com/row/a-feast-for-crows.html
John Wyndham,"The Day of the Triffids, The Midwich Cuckoos and The Chrysalids – three unforgettable science-fiction visions from John Wyndham. This Folio edition is illustrated by Patrick Leger and introduced by Adam Roberts.",Patrick Leger,https://www.foliosociety.com/media/catalog/product/w/y/wyn_bookshot.png?quality=80&fit=bounds&height=700&width=700&canvas=700:700,Adam Roberts,125.0,The Wyndham Collection,https://www.foliosociety.com/row/the-wyndham-collection.html
Roald Dahl,"Discover the fantastical worlds of The BFG, The Witches and Matilda in the second whizzpopping Folio Society set of much-loved Roald Dahl stories, featuring Quentin Blake’s iconic black-and-white illustrations and the classic texts.",Quentin Blake,https://www.foliosociety.com/media/catalog/product/q/r/qrd2_bookshot.png?quality=80&fit=bounds&height=700&width=700&canvas=700:700,Donald Sturrock,80.0,The Roald Dahl Collection (Set 2),https://www.foliosociety.com/row/the-roald-dahl-collection-set-2.html
Agatha Christie,A delectable collector’s edition of Agatha Christie’s Sparkling Cyanide joins the Folio Society crime library. With exquisite illustrations by Michael Philip Dunbabin.,Michael Philip Dunbabin,https://www.foliosociety.com/media/catalog/product/c/y/cyan_bookshot.png?quality=80&fit=bounds&height=700&width=700&canvas=700:700,,49.95,Sparkling Cyanide,https://www.foliosociety.com/row/sparkling-cyanide.html
H. P. Lovecraft,"This collection, spanning Lovecraft’s literary career, marries his best-known short stories with two modern masters of the macabre, the acclaimed artist Dan Hillier and author Alan Moore.",Dan Hillier,https://www.foliosociety.com/media/catalog/product/c/l/clu_bookshot.png?quality=80&fit=bounds&height=700&width=700&canvas=700:700,S. T. Joshi,90.0,The Call of Cthulhu & Other Weird Stories,https://www.foliosociety.com/row/the-call-of-cthulhu-other-weird-stories-core.html
Kurt Vonnegut,It’s the end of the world as we know it … The Folio edition of Kurt Vonnegut’s Cat’s Cradle features illustrations by Joonho Ko and an introduction by Michael Dirda.,Joonho Ko,https://www.foliosociety.com/media/catalog/product/c/a/catc_bookshot.png?quality=80&fit=bounds&height=700&width=700&canvas=700:700,Michael Dirda,44.95,Cat’s Cradle,https://www.foliosociety.com/row/cat-s-cradle.html
Shirley Jackson,This lavish Folio edition of Shirley Jackson’s The Haunting of Hill House is illustrated by Angie Hoffmeister and introduced by Joyce Carol Oates.,Angie Hoffmeister,https://www.foliosociety.com/media/catalog/product/h/h/hhh_bookshot.png?quality=80&fit=bounds&height=700&width=700&canvas=700:700,Joyce Carol Oates,49.95,The Haunting of Hill House,https://www.foliosociety.com/row/the-haunting-of-hill-house.html
Gaston Leroux,"The vaults of the Paris Opéra hide a hideous secret, and it’s revealed with theatrical flourish in this lavish new Folio edition.",Taylor Dolan,https://www.foliosociety.com/media/catalog/product/p/h/pht_book.png?quality=80&fit=bounds&height=700&width=700&canvas=700:700,Simon Callow,60.0,The Phantom of the Opera,https://www.foliosociety.com/row/the-phantom-of-the-opera.html
Richard Matheson,"I Am Legend, Richard Matheson’s brutal tale of survival and vampires, arrives in a spectacular Folio edition – illustrated by artist Dave McKean and introduced by a modern master of horror, Joe Hill.",Dave McKean,https://www.foliosociety.com/media/catalog/product/a/m/aml_bookshot.png?quality=80&fit=bounds&height=700&width=700&canvas=700:700,Joe Hill,60.0,I Am Legend,https://www.foliosociety.com/row/i-am-legend.html
Douglas Adams,"Comparing Adams’s work to that of Kurt Vonnegut, Tom Stoppard and even Jonathan Swift, science-fiction writer Adam Roberts describes this novel as ‘that rare thing: a sequel that surpasses its original’.",Jonathan Burton,https://www.foliosociety.com/media/catalog/product/r/e/reu_book.png?quality=80&fit=bounds&height=700&width=700&canvas=700:700,Adam Roberts,49.95,The Restaurant at the End of the Universe,https://www.foliosociety.com/row/the-restaurant-at-the-end-of-the-universe.html
Douglas Adams,"In the fourth volume of The Hitchhiker’s Guide to the Galaxy series, Arthur Dent finds a whole new set of mind-boggling mysteries to deal with when planet Earth appears not to have been destroyed after all.",Jonathan Burton,https://www.foliosociety.com/media/catalog/product/t/x/txf_1.png?quality=80&fit=bounds&height=700&width=700&canvas=700:700,,49.95,"So Long, and Thanks for All the Fish",https://www.foliosociety.com/row/so-long-and-thanks-for-all-the-fish.html
Douglas Adams,"More inspired lunacy in the third of Adams’s ‘trilogy of five’, here introduced by his friend, the acclaimed comedy writer Jon Canter.",Jonathan Burton,https://www.foliosociety.com/media/catalog/product/l/u/lue_book.png?quality=80&fit=bounds&height=700&width=700&canvas=700:700,Jon Canter,49.95,"Life, the Universe and Everything",https://www.foliosociety.com/row/life-a-the-universe-and-everything.html
Douglas Adams,"In the first in his ‘trilogy of five’, Douglas Adams introduces us Earthbound readers to Zaphod Beeblebrox, the Babel fish, Pan Galactic Gargle Blasters and Marvin the Paranoid Android.",Jonathan Burton,https://www.foliosociety.com/media/catalog/product/h/g/hgg.png?quality=80&fit=bounds&height=700&width=700&canvas=700:700,Terry Jones,49.95,The Hitchhiker’s Guide to the Galaxy,https://www.foliosociety.com/row/the-hitchhiker-s-guide-to-the-galaxy.html
George R. R. Martin,A Clash of Kings arrives fresh from the battlefield. The second volume of The Folio Society’s bestselling realisation of George R. R. Martin’s fantasy masterpiece ‘A Song of Ice and Fire’ is illustrated by Jonathan Burton.,Jonathan Burton,https://www.foliosociety.com/media/catalog/product/g/t/gt2_book.png?quality=80&fit=bounds&height=700&width=700&canvas=700:700,,160.0,A Clash of Kings,https://www.foliosociety.com/row/a-clash-of-kings.html
Ray Bradbury,"Comedian, writer and broadcaster Frank Skinner introduces the new Folio edition of Ray Bradbury’s dark fantasy masterpiece Something Wicked This Way Comes, with thrilling illustrations by artist Tim McDonagh.",Tim McDonagh,https://www.foliosociety.com/media/catalog/product/s/w/swk.png?quality=80&fit=bounds&height=700&width=700&canvas=700:700,Frank Skinner,47.95,Something Wicked This Way Comes,https://www.foliosociety.com/row/something-wicked-this-way-comes.html
Philip Pullman,A magnificent Folio Society edition of a worldwide phenomenon. The award-winning trilogy His Dark Materials in a stunning fully illustrated hardback edition.,Peter Bailey,https://www.foliosociety.com/media/catalog/product/h/d/hdm_2.png?quality=80&fit=bounds&height=700&width=700&canvas=700:700,,175.0,His Dark Materials,https://www.foliosociety.com/row/his-dark-materials.html
Robin Hobb,"Strange magic and deadly conspiracies collide in Robin Hobb’s much-loved fantasy classic, ‘The Farseer Trilogy’. This special Folio Society edition features illustrations by David Palumbo.",David Palumbo,https://www.foliosociety.com/media/catalog/product/f/r/frt_book.png?quality=80&fit=bounds&height=700&width=700&canvas=700:700,Robin Hobb,175.0,The Farseer Trilogy,https://www.foliosociety.com/row/the-farseer-trilogy.html
George R. R. Martin,A Game of Thrones is presented in a spectacular collector’s edition - the first release in the Folio Society series of George R. R. Martin’s ‘A Song of Ice and Fire’.,Jonathan Burton,https://www.foliosociety.com/media/catalog/product/g/o/got_book2.png?quality=80&fit=bounds&height=700&width=700&canvas=700:700,Joe Abercrombie,160.0,A Game of Thrones,https://www.foliosociety.com/row/a-game-of-thrones.html
Stephen King,"A taut, gripping thriller, Misery is arguably Stephen King’s greatest novel. Award-winning illustrator Edward Kinsella's deeply haunting artwork and striking binding design make this the ultimate collector's edition.",Edward Kinsella,https://www.foliosociety.com/media/catalog/product/m/r/mry_bookshot.png?quality=80&fit=bounds&height=700&width=700&canvas=700:700,,60.0,Misery,https://www.foliosociety.com/row/misery.html
,"Meet the monster behind the man in Hulk, the explosive third volume in Folio’s ‘Marvel Heroes’ series, showcasing some of the most iconic characters in comic book history. Roy Thomas introduces landmark stories by Stan Lee, Jack Kirby and Al Ewing.",,https://www.foliosociety.com/media/catalog/product/h/u/hulk_bookshot_1.png?quality=80&fit=bounds&height=700&width=700&canvas=700:700,,65.0,Hulk,https://www.foliosociety.com/row/hulk.html
William Goldman,"Featuring giants, duels, man-eating swamp rats and, of course, true love, Goldman’s funny and poignant lampoon of the fairy-tale tradition has inadvertently become a classic of the genre.",Mark Thomas,https://www.foliosociety.com/media/catalog/product/p/r/prb_book.png?quality=80&fit=bounds&height=700&width=700&canvas=700:700,,49.95,The Princess Bride,https://www.foliosociety.com/row/the-princess-bride.html
Pierre Boulle,"The sci-fi adventure that launched a global franchise, Planet of the Apes is given a timely Folio release with David de las Heras’s spectacular artwork and a thought-provoking introduction by primatologist Frans de Waal.",David de las Heras,https://www.foliosociety.com/media/catalog/product/a/p/ape_book.png?quality=80&fit=bounds&height=700&width=700&canvas=700:700,Frans de Waal,49.95,Planet of the Apes,https://www.foliosociety.com/row/planet-of-the-apes.html
Sir Walter Scott,A new leather-bound limited edition published to celebrate the 250th anniversary of the author’s birth. Each copy is numbered by hand and signed by both introducer and illustrator. ,June Carey,https://www.foliosociety.com/media/catalog/product/r/o/roy_book.png?quality=80&fit=bounds&height=700&width=700&canvas=700:700,,310.0,Rob Roy,https://www.foliosociety.com/row/rob-roy.html
Arthur C. Clarke,"Space just got stranger with Arthur C. Clarke’s science-fiction classic, Rendezvous with Rama. For this exquisite illustrated Folio edition, novelist John Clute provides an introduction celebrating the author’s remarkable imagination.",Matt Griffin,https://www.foliosociety.com/media/catalog/product/r/d/rdz_bookshot.png?quality=80&fit=bounds&height=700&width=700&canvas=700:700,John Clute,55.0,Rendezvous with Rama,https://www.foliosociety.com/row/rendezvous-with-rama.html
Philip K. Dick,Philip K. Dick’s celebrated science-fiction thriller leaves readers guessing until the very last page. This spectacular Folio Society edition of Ubik features a new introduction by award-winning writer Kim Stanley Robinson.,La Boca,https://www.foliosociety.com/media/catalog/product/u/b/ubk99.png?quality=80&fit=bounds&height=700&width=700&canvas=700:700,Kim Stanley Robinson,60.0,Ubik,https://www.foliosociety.com/row/ubik.html
Gene Wolfe,"A stunning new two-volume Folio edition of Gene Wolfe’s acclaimed The Book of the New Sun, lavishly illustrated by Sam Weber and introduced by Neil Gaiman.",Sam Weber,https://www.foliosociety.com/media/catalog/product/b/k/bkn_book.png?quality=80&fit=bounds&height=700&width=700&canvas=700:700,Neil Gaiman,135.0,The Book of the New Sun,https://www.foliosociety.com/row/the-book-of-the-new-sun-2-volume.html
Ian Fleming,Ian Fleming’s The Man with the Golden Gun sees the world’s greatest super spy tackle a deadly assassin. The latest adventure in the Folio Bond series is illustrated by Fay Dalton.,Fay Dalton,https://www.foliosociety.com/media/catalog/product/j/b/jbg_bookshot.png?quality=80&fit=bounds&height=700&width=700&canvas=700:700,,46.95,The Man With the Golden Gun,https://www.foliosociety.com/row/the-man-with-the-golden-gun.html
Edward Thomas,"In an exclusive Folio anthology illustrated by Jonathan Lloyd and Neil Gower, former Poet Laureate Andrew Motion gathers together the greatest war poetry, from antiquity to the Cold War and beyond.",Neil Gower,https://www.foliosociety.com/media/catalog/product/f/w/fwp_bookshot.png?quality=80&fit=bounds&height=700&width=700&canvas=700:700,,49.95,The Folio Book of War Poetry,https://www.foliosociety.com/row/the-folio-book-of-war-poetry.html
Diana Wynne Jones,"Abdullah dreams of adventure, but dreams can be big trouble in Castle in the Air, Diana Wynne Jones’s delightful sequel to Howl’s Moving Castle. This Folio edition is illustrated by Marie-Alice Harel.",Marie-Alice Harel,https://www.foliosociety.com/media/catalog/product/c/i/cia_bookshot.png?quality=80&fit=bounds&height=700&width=700&canvas=700:700,,44.95,Castle in the Air,https://www.foliosociety.com/row/castle-in-the-air.html
F. Scott Fitzgerald,F. Scott Fitzgerald’s enduring classic The Great Gatsby is beautifully presented as a Folio Society edition that includes a personal note by Francis Ford Coppola and exquisite artwork by Sam Wolfe Connelly.,Sam Wolfe Connelly,https://www.foliosociety.com/media/catalog/product/g/r/grg_bookshot.png?quality=80&fit=bounds&height=700&width=700&canvas=700:700,Michael Dirda,42.95,The Great Gatsby,https://www.foliosociety.com/row/the-great-gatsby.html
Diana Wynne Jones,This fantastical Folio edition of Diana Wynne Jones’s enchanting tale features artwork by Folio’s 2019 Book Illustration Competition winner.,Marie-Alice Harel,https://www.foliosociety.com/media/catalog/product/m/v/mvc_book_1.png?quality=80&fit=bounds&height=700&width=700&canvas=700:700,Marcus Sedgwick,44.95,Howl’s Moving Castle,https://www.foliosociety.com/row/howl-s-moving-castle.html
Diana Wynne Jones,Folio’s beautiful edition of House of Many Ways brings another dose of magic and mayhem from the world of Howl’s Moving Castle. The final volume in Diana Wynne Jones’s trilogy is illustrated by Marie-Alice Harel.,Marie-Alice Harel,https://www.foliosociety.com/media/catalog/product/m/w/mwy_bookshot.png?quality=80&fit=bounds&height=700&width=700&canvas=700:700,,44.95,House of Many Ways,https://www.foliosociety.com/row/house-of-many-ways.html
Bernard Cornwell,Sharpe’s Fortress sees Bernard Cornwell’s celebrated hero fighting for his life – and for victory – at the deadly siege of Gawilghur. This handsome Folio volume is the first illustrated edition and joins the Folio Sharpe series.,Douglas Smith,https://www.foliosociety.com/media/catalog/product/s/p/sp3_bookshot.png?quality=80&fit=bounds&height=700&width=700&canvas=700:700,,44.95,Sharpe’s Fortress,https://www.foliosociety.com/row/sharpe-s-fortress.html
Tobias Smollett ,"Exclusive to the Folio Society, The Folio Book of Humour is an eclectic collection of more than 100 rib-tickling excerpts, from quick-witted Waugh and saucy Chaucer to Bridget Jones and Fleabag.",Derrick Harris,https://www.foliosociety.com/media/catalog/product/c/m/cmw_book.png?quality=80&fit=bounds&height=700&width=700&canvas=700:700,,47.95,The Folio Book of Humour,https://www.foliosociety.com/row/the-folio-book-of-humour.html
Ian Fleming,Fay Dalton’s irresistible illustrations make this edition of Ian Fleming’s On Her Majesty’s Secret Service a delectable treat – say hello to the latest addition to the celebrated Folio Bond series.,Fay Dalton,https://www.foliosociety.com/media/catalog/product/m/s/mss_book.png?quality=80&fit=bounds&height=700&width=700&canvas=700:700,,46.95,On Her Majesty’s Secret Service,https://www.foliosociety.com/row/on-her-majesty-s-secret-service.html
Ian Fleming,Ian Fleming’s superspy James Bond returns to seek revenge for his murdered wife in this exquisite Folio edition of You Only Live Twice – illustrated by the brilliant Fay Dalton.,Fay Dalton,https://www.foliosociety.com/media/catalog/product/j/b/jb2_bookshot.png?quality=80&fit=bounds&height=700&width=700&canvas=700:700,,46.95,You Only Live Twice,https://www.foliosociety.com/row/you-only-live-twice.html
Margery Allingham,"Amateur detective Albert Campion is back on the case in the latest in Folio’s popular Margery Allingham series. This time, our doyenne of crime is illustrated by Darya Shnykina.",Darya Shnykina,https://www.foliosociety.com/media/catalog/product/m/c/mcp_book.png?quality=80&fit=bounds&height=700&width=700&canvas=700:700,,49.95,Mr Campion and Others,https://www.foliosociety.com/row/mr-campion-and-others.html
Agatha Christie,"The newest addition to the Folio crime library is Crooked House, the book that Agatha Christie herself believed was one of her best. This edition features evocative illustrations by Sally Dunne.",Sally Dunne,https://www.foliosociety.com/media/catalog/product/c/k/ckh_bookshot.png?quality=80&fit=bounds&height=700&width=700&canvas=700:700,,49.95,Crooked House,https://www.foliosociety.com/row/crooked-house.html
Isaac Asimov,"Presented as an extraordinary Folio Society edition, Isaac Asimov’s science-fiction epic The Foundation Trilogy is introduced by Nobel Prize-winning economist Paul Krugman and illustrated by British artist Alex Wells.",Alex Wells,https://www.foliosociety.com/media/catalog/product/f/d/fdt_bookshot_1.png?quality=80&fit=bounds&height=700&width=700&canvas=700:700,Paul Krugman,125.0,The Foundation Trilogy,https://www.foliosociety.com/row/the-foundation-trilogy.html
Edited by John Cherry,"A fascinating history of the creatures that populate myths and folklore, John Cherry’s Mythical Beasts is beautifully reimagined as a Folio edition illustrated with archive images and Neil Packer’s striking new motifs and binding design.",Neil Packer,https://www.foliosociety.com/media/catalog/product/b/s/bst_bookshot.png?quality=80&fit=bounds&height=700&width=700&canvas=700:700,John Cherry,60.0,Mythical Beasts,https://www.foliosociety.com/row/mythical-beasts.html
Bill Bryson,"Full of sweat, tears and side-splitting humour, Bill Bryson’s A Walk in the Woods is a page-turning travelogue and this Folio Society edition is the ultimate companion for fans of the author’s inimitable wit.",James Weston Lewis,https://www.foliosociety.com/media/catalog/product/w/a/walk_bookshot.png?quality=80&fit=bounds&height=700&width=700&canvas=700:700,,49.95,A Walk in the Woods,https://www.foliosociety.com/row/a-walk-in-the-woods.html
Daphne du Maurier,"A classic of 20th-century literature, Daphne du Maurier’s mesmerising ’study in jealousy’ has captivated readers for generations.",D. G. Smith,https://www.foliosociety.com/media/catalog/product/b/e/bec_book.png?quality=80&fit=bounds&height=700&width=700&canvas=700:700,Helen Dunmore,47.95,Rebecca,https://www.foliosociety.com/row/rebecca.html
Georgette Heyer,"Stephen Fry’s exclusive introduction to this new Folio Society edition lavishes praise on Georgette Heyer’s meticulously researched and deliciously entertaining Regency Romance, Venetia.",Sally Dunne,https://www.foliosociety.com/media/catalog/product/v/t/vta_bookshot_1.png?quality=80&fit=bounds&height=700&width=700&canvas=700:700,Stephen Fry,49.95,Venetia,https://www.foliosociety.com/row/venetia.html
Bernard Cornwell,Folio’s illustrated Sharpe series continues with Sharpe’s Triumph. Douglas Smith provides rousing scratchboard images for the first illustrated editions of Bernard Cornwell’s enormously popular historical adventures.,Douglas Smith,https://www.foliosociety.com/media/catalog/product/s/p/sp2_bookshot.png?quality=80&fit=bounds&height=700&width=700&canvas=700:700,,44.95,Sharpe’s Triumph,https://www.foliosociety.com/row/sharpe-s-triumph.html
Angela Carter,"Nights at the Circus, Angela Carter’s tale of love and magic, circuses and lies, receives its first illustrated Folio Society edition. Royal Academician Eileen Cooper provides extraordinary linocut images, Sarah Waters introduces.",Eileen Cooper,https://www.foliosociety.com/media/catalog/product/n/c/ncr_book.png?quality=80&fit=bounds&height=700&width=700&canvas=700:700,Sarah Waters,60.0,Nights at the Circus,https://www.foliosociety.com/row/nights-at-the-circus.html
Ursula K. Le Guin,"The first illustrated edition of Ursula K. Le Guin’s masterpiece, The Left Hand of Darkness. The Folio Society edition also includes an introduction by Becky Chambers and exquisite illustrations by David Lupton.",David Lupton,https://www.foliosociety.com/media/catalog/product/l/h/lhd_main.png?quality=80&fit=bounds&height=700&width=700&canvas=700:700,Becky Chambers,49.95,The Left Hand of Darkness,https://www.foliosociety.com/row/the-left-hand-of-darkness.html
Ursula K. Le Guin,"A true great of the fantasy genre, Ursula K. Le Guin’s A Wizard of Earthsea brims over with danger and wild magic. Illustrated by David Lupton and introduced by David Mitchell.",David Lupton,https://www.foliosociety.com/media/catalog/product/w/o/woe_bookshot.png?quality=80&fit=bounds&height=700&width=700&canvas=700:700,David Mitchell,49.95,A Wizard of Earthsea,https://www.foliosociety.com/row/a-wizard-of-earthsea.html
Mikhail Bulgakov,"One of the great masterpieces of the 20th<sup> </sup>century, Mikhail Bulgakov’s The Master and Margarita is beautifully crafted as a unique Folio edition with illustrations by Peter Suart and an introduction by Orlando Figes. ",Peter Suart,https://www.foliosociety.com/media/catalog/product/m/m/mmg_bookshot.png?quality=80&fit=bounds&height=700&width=700&canvas=700:700,Orlando Figes,60.0,The Master and Margarita,https://www.foliosociety.com/row/the-master-and-margarita.html
Emily Dickinson,"A unique collection of poetry and prose, beautifully bound and illustrated with newly commissioned artwork.",Petra Börner ,https://www.foliosociety.com/media/catalog/product/s/p/spf_book.png?quality=80&fit=bounds&height=700&width=700&canvas=700:700,,29.95,Spring,https://www.foliosociety.com/row/spring.html
Charles van Sandwyk,The inhabitants of the fairy realm are beautifully imagined in Charles van Sandwyk’s tales; exquisitely illustrated and brought together as a collection for the first time by The Folio Society.,Charles van Sandwyk,https://www.foliosociety.com/media/catalog/product/h/s/hsf_main.png?quality=80&fit=bounds&height=700&width=700&canvas=700:700,,49.95,How to See Fairies,https://www.foliosociety.com/row/how-to-see-fairies.html
Antoine de Saint-Exupéry,A definitive two-volume edition of Antoine de Saint-Exupery’s The Little Prince featuring his original and unforgettable illustrations.,the author,https://www.foliosociety.com/media/catalog/product/t/h/the_little_prince_bookshot_1.png?quality=80&fit=bounds&height=700&width=700&canvas=700:700,Stacy Schiff,60.0,The Little Prince,https://www.foliosociety.com/row/the-little-prince.html
Ian Fleming,"In the latest from Folio’s bestselling Bond series, Goldfinger introduces the terrifying Oddjob and master thief Pussy Galore, while illustrator Fay Dalton returns to bring these characters to life.",Fay Dalton,https://www.foliosociety.com/media/catalog/product/i/f/ifg-n.png?quality=80&fit=bounds&height=700&width=700&canvas=700:700,,46.95,Goldfinger,https://www.foliosociety.com/row/goldfinger.html
Margery Allingham,"An unmissable Albert Campion mystery from Margery Allingham. Produced in series with The Tiger in the Smoke and Traitor’s Purse, Hide My Eyes invites us to explore a crime-ridden London.  ",Alexandru Savescu,https://www.foliosociety.com/media/catalog/product/h/i/hide-my-eyes.png?quality=80&fit=bounds&height=700&width=700&canvas=700:700,,49.95,Hide My Eyes,https://www.foliosociety.com/row/hide-my-eyes.html
Josephine Tey,"Miss Pym Disposes is an essential addition to the Josephine Tey collection. A unique and absorbing standalone mystery, this edition features intriguing illustrations by series artist Mark Smith.",Mark Smith,https://www.foliosociety.com/media/catalog/product/m/p/mpd_main_1.png?quality=80&fit=bounds&height=700&width=700&canvas=700:700,,49.95,Miss Pym Disposes,https://www.foliosociety.com/row/miss-pym-disposes.html
Josephine Tey,The Daughter of Time remains Josephine Tey’s most enduringly popular mystery. Can a bed-ridden 20th-century detective solve a 500-year-old crime? With illustrations by series artist Mark Smith.,Mark Smith,https://www.foliosociety.com/media/catalog/product/d/g/dgt_main.png?quality=80&fit=bounds&height=700&width=700&canvas=700:700,Alison Weir,49.95,The Daughter of Time,https://www.foliosociety.com/row/the-daughter-of-time.html
Michael Chabon,"Experience The Amazing Adventures of Kavalier &amp; Clay with this special collector’s edition. Featuring illustrations by comic book artist Chris Samnee, Michael Chabon’s Pulitzer Prize-winning novel is also introduced by Michael Moorcock.",Chris Samnee,https://www.foliosociety.com/media/catalog/product/c/a/cav_book3.png?quality=80&fit=bounds&height=700&width=700&canvas=700:700,Michael Moorcock,95.0,The Amazing Adventures of Kavalier & Clay,https://www.foliosociety.com/row/amazing-adventures-of-kavalier-clay.html
Ian Fleming,"Ian Fleming’s superspy returns in Diamonds Are Forever, the sixth volume of our James Bond collection, with Fay Dalton’s artwork oozing glamour and danger.",Fay Dalton,https://www.foliosociety.com/media/catalog/product/j/b/jbd-n.png?quality=80&fit=bounds&height=700&width=700&canvas=700:700,,46.95,Diamonds Are Forever,https://www.foliosociety.com/row/diamonds-are-forever.html
Joseph Conrad,Will Self’s provocative introduction and Ben Jones’s perturbing portraits complete the Folio edition of The Secret Agent; Joseph Conrad’s startling terror-attack fiction set in Edwardian London.,Ben Jones,https://www.foliosociety.com/media/catalog/product/c/n/cnr_main.png?quality=80&fit=bounds&height=700&width=700&canvas=700:700,Will Self,49.95,The Secret Agent,https://www.foliosociety.com/row/the-secret-agent.html
Elmore Leonard,Elmore Leonard’s acerbic rampage through Miami’s underworld and Hollywood’s movie industry is given a much-anticipated Folio production.,Gary Kelley,https://www.foliosociety.com/media/catalog/product/e/l/ell_main.png?quality=80&fit=bounds&height=700&width=700&canvas=700:700,Dennis Lehane,55.0,Get Shorty,https://www.foliosociety.com/row/get-shorty.html
Homer,"Homer’s epic poem relating a bloody clash of powers transcends the centuries in the hands of translator Robert Fagles, and is transformed into an exceptional collector’s edition by Folio.",Grahame Baker-Smith,https://www.foliosociety.com/media/catalog/product/i/l/ilc_book.png?quality=80&fit=bounds&height=700&width=700&canvas=700:700,Bernard Knox,70.0,The Iliad,https://www.foliosociety.com/row/iliad.html
Wilfred Owen,A new limited edition published to commemorate the poet’s death in November 1918 and designed to emulate the fine press editions of the early 20th century. In series with Selected Poems Rupert Brooke and Selected Poems Edward Thomas.,Neil Bousfield,https://www.foliosociety.com/media/catalog/product/w/f/wfl_bookshot_1.png?quality=80&fit=bounds&height=700&width=700&canvas=700:700,Owen Sheers,250.0,Wilfred Owen: Selected Poems,https://www.foliosociety.com/row/wilfred-owen-selected-poems.html
Ian Fleming,"Thunderball, the latest volume in the Folio Bond Collection, features a new delectable series of images by Fay Dalton, and introduces one of Ian Fleming’s greatest villains – the nefarious Blofeld.",Fay Dalton,https://www.foliosociety.com/media/catalog/product/j/b/jbt_001_1.png?quality=80&fit=bounds&height=700&width=700&canvas=700:700,,46.95,Thunderball,https://www.foliosociety.com/row/thunderball.html
Agatha Christie,"Hercule Poirot gets to the bottom of an especially unnerving case in this irresistible illustrated Folio edition of one of Agatha Christie’s most celebrated mysteries, The Murder of Roger Ackroyd.",Andrew Davidson,https://www.foliosociety.com/media/catalog/product/m/r/mra99.png?quality=80&fit=bounds&height=700&width=700&canvas=700:700,Sophie Hannah,49.95,The Murder of Roger Ackroyd,https://www.foliosociety.com/row/murder-of-roger-akroyd.html
Ian Fleming,"The third in our best-selling James Bond series, this edition once more employs the talents of Fay Dalton, whose illustrations bring to life the glamour and danger of Bond’s action-filled mission in Jamaica.",Fay Dalton,https://www.foliosociety.com/media/catalog/product/d/r/drn-n.png?quality=80&fit=bounds&height=700&width=700&canvas=700:700,,46.95,Dr No,https://www.foliosociety.com/row/dr-no.html
Emily Dickinson,"A beautifully presented collection that celebrates the radical style of a visionary American poet. This edition follows the 1955 text prepared by Thomas H. Johnson, which presents the poems as Dickinson intended.",Jane Lydbury,https://www.foliosociety.com/media/catalog/product/e/m/emi_book.png?quality=80&fit=bounds&height=700&width=700&canvas=700:700,Lavinia Greenlaw,36.95,Selected Poems,https://www.foliosociety.com/row/emily-dickinson-selected-poems.html
Jane Austen,"Published as part of our Jane Austen series, this sparkling edition is introduced by Fay Weldon.",Sam Wolfe Connelly,https://www.foliosociety.com/media/catalog/product/e/m/emm_book.png?quality=80&fit=bounds&height=700&width=700&canvas=700:700,Fay Weldon,49.95,Emma,https://www.foliosociety.com/row/emma.html
Edward Thomas,A limited edition published to commemorate the poet’s death in April 1917 and designed to emulate the fine press editions of the early 20th century. In series with Selected Poems Rupert Brooke and Selected Poems Wilfred Owen.,David Gentleman,https://www.foliosociety.com/media/catalog/product/e/t/ett_book.png?quality=80&fit=bounds&height=700&width=700&canvas=700:700,Andrew Motion,250.0,Edward Thomas: Selected Poems,https://www.foliosociety.com/row/edward-thomas-selected-poems.html
Robert Louis Stevenson,Robert Louis Stevenson’s classic horror Dr Jekyll and Mr Hyde reveals the darker side of human nature and this striking Folio Society edition is illustrated by fellow master of the gothic Mervyn Peake.,Mervyn Peake,https://www.foliosociety.com/media/catalog/product/j/e/jek_book.png?quality=80&fit=bounds&height=700&width=700&canvas=700:700,John Hampden,39.95,Dr Jekyll and Mr Hyde,https://www.foliosociety.com/row/dr-jekyll-and-mr-hyde.html
Dante Alighieri,"Enjoy The Best of Dorothy Parker in The Folio Society’s new edition of poetry and short stories from the greatest wit of her age, with the era-defining graphic illustrations of Helen Smithson.",Helen Smithson,https://www.foliosociety.com/media/catalog/product/b/d/bdp_005main.png?quality=80&fit=bounds&height=700&width=700&canvas=700:700,Mervyn Horder,47.95,The Best of Dorothy Parker,https://www.foliosociety.com/row/the-best-of-dorothy-parker.html
Charlotte Brontë,"Illustrated by Santiago Caruso, our edition of Charlotte Brontë’s beloved novel celebrates its gothic undercurrents.",Santiago Caruso,https://www.foliosociety.com/media/catalog/product/j/y/jyr_book.png?quality=80&fit=bounds&height=700&width=700&canvas=700:700,Emma Donoghue,49.95,Jane Eyre,https://www.foliosociety.com/row/jane-eyre.html
Truman Capote,"Capote’s enchanting New York novella, introduced by Jay McInerney. With illustrations by Karen Klassen.",Karen Klassen,https://www.foliosociety.com/media/catalog/product/b/k/bkf_book.png?quality=80&fit=bounds&height=700&width=700&canvas=700:700,Jay McInerney,42.95,Breakfast at Tiffany’s,https://www.foliosociety.com/row/breakfast-at-tiffany-s.html
Ian Fleming,"A handsome edition of the first James Bond novel, with an introduction by John Banville.",Fay Dalton,https://www.foliosociety.com/media/catalog/product/c/s/csr_matchbook.png?quality=80&fit=bounds&height=700&width=700&canvas=700:700,John Banville,46.95,Casino Royale,https://www.foliosociety.com/row/casino-royale.html
Andrew Lang,"A lively collection of nursery rhymes, both familiar and little known, collected by Andrew Lang, the acclaimed folklorist and editor of the Rainbow Fairy Books.",Debra McFarlane and L. Leslie Brooke,https://www.foliosociety.com/media/catalog/product/n/r/nrb_book_1.png?quality=80&fit=bounds&height=700&width=700&canvas=700:700,Michael Rosen,65.0,The Nursery Rhyme Book,https://www.foliosociety.com/row/the-nursery-rhyme-book.html
Louisa May Alcott,"Illustrated by Rebecca Green and introduced by Jane Gardam, this gorgeous Folio Society edition of Louisa May Alcott’s Little Women celebrates its status as a timeless classic, an early feminist novel and a wonderfully engaging read.",Rebecca Green,https://www.foliosociety.com/media/catalog/product/l/w/lwm_bookshot_1.png?quality=80&fit=bounds&height=700&width=700&canvas=700:700,Jane Gardam,49.95,Little Women,https://www.foliosociety.com/row/little-women.html
Frederick Forsyth,"A striking Folio collector’s edition of Frederick Forsyth’s electrifying political thriller, The Day of the Jackal, introduced by Ken Follett and illustrated by Tatsuro Kiuchi.",Tatsuro Kiuchi,https://www.foliosociety.com/media/catalog/product/d/o/doj_bookshot.png?quality=80&fit=bounds&height=700&width=700&canvas=700:700,Ken Follett,49.95,The Day of the Jackal,https://www.foliosociety.com/row/the-day-of-the-jackal.html
Jane Austen,"Both a sparkling comedy of manners and a gripping romance, Pride and Prejudice remains one of the best-loved books in the world.",Anna and Elena Balbusso,https://www.foliosociety.com/media/catalog/product/p/p/ppj_book.png?quality=80&fit=bounds&height=700&width=700&canvas=700:700,Sebastian Faulks,49.95,Pride and Prejudice,https://www.foliosociety.com/row/pride-and-prejudice.html
Jane Austen,"Jane Austen’s final novel shows her at her most moving and mature. Introduced by Siri Hustvedt, and illustrated by Deanna Staffo.",Deanna Staffo,https://www.foliosociety.com/media/catalog/product/p/s/psn_book.png?quality=80&fit=bounds&height=700&width=700&canvas=700:700,Siri Hustvedt,49.95,Persuasion,https://www.foliosociety.com/row/persuasion.html
William Golding,"One of the most influential novels of the 20th century, William Golding’s Lord of the Flies is presented as a unique Folio Society edition, illustrated by Sam Weber and introduced by Ian McEwan.",Sam Weber,https://www.foliosociety.com/media/catalog/product/l/t/ltf_bookshot.png?quality=80&fit=bounds&height=700&width=700&canvas=700:700,Ian McEwan,44.95,Lord of the Flies,https://www.foliosociety.com/row/lord-of-the-flies.html
Italo Calvino,"Introduced by Poet Laureate Carol Ann Duffy, this anthology is a celebration of poetry and the passion it inspires. It gathers together more than 300 of our favourite poems, spanning over 400 years.",Eri Griffin,https://www.foliosociety.com/media/catalog/product/p/t/pta.png?quality=80&fit=bounds&height=700&width=700&canvas=700:700,Carol Ann Duffy,60.0,A Folio Anthology of Poetry,https://www.foliosociety.com/row/a-folio-anthology-of-poetry.html
Ian Fleming,"Often named by Bond fans as Fleming’s best novel, this suspenseful thriller sees 007 ensnared by an elaborate honeytrap set by SMERSH.",Fay Dalton,https://www.foliosociety.com/media/catalog/product/r/w/rwl-n.png?quality=80&fit=bounds&height=700&width=700&canvas=700:700,,46.95,From Russia with Love,https://www.foliosociety.com/row/from-russia-with-love.html
Josephine Tey,"One of Tey’s finest novels, this suspenseful story centres on the mysterious death of a young man on a train, and the cryptic poem that gradually reveals the greed and envy behind his demise. Award-winning artist Mark Smith illustrates.",Mark Smith,https://www.foliosociety.com/media/catalog/product/s/g/sgs_book.png?quality=80&fit=bounds&height=700&width=700&canvas=700:700,Val McDermid,49.95,The Singing Sands,https://www.foliosociety.com/row/the-singing-sands.html
Jane Austen,"Jane Austen’s first novel, produced in series as part of the Folio Jane Austen Collection.",Philip Bannister,https://www.foliosociety.com/media/catalog/product/s/s/ssb_book.png?quality=80&fit=bounds&height=700&width=700&canvas=700:700,Elena Ferrante,49.95,Sense and Sensibility,https://www.foliosociety.com/row/sense-and-sensibility.html
Arthur C. Clarke,"Every bit as ambitious and prophetic as the film that shared its inception, Arthur C. Clarke’s 2001: A Space Odyssey remains a towering science-fiction classic. This Folio Society edition sees it illustrated for the first time.",Joe Wilson,https://www.foliosociety.com/media/catalog/product/s/d/sdy_bookshot.png?quality=80&fit=bounds&height=700&width=700&canvas=700:700,Michael Moorcock,55.0,2001: A Space Odyssey,https://www.foliosociety.com/row/2001-a-space-odyssey.html
Stephen King,"A Folio Society collector’s edition of Stephen King’s genre-changing tale of unquiet ghosts and simmering violence, illustrated by award-winning artist Edward Kinsella.",Edward Kinsella,https://www.foliosociety.com/media/catalog/product/t/s/tsh_bookshot.png?quality=80&fit=bounds&height=700&width=700&canvas=700:700,,60.0,The Shining,https://www.foliosociety.com/row/the-shining.html
Kenneth Grahame,"The timeless adventures of Toad, Mole, Ratty and Badger have enchanted children and their parents for more than a century. This is a glorious edition of a children’s classic, with enchanting illustrations by Charles van Sandwyk.",Charles van Sandwyk,https://www.foliosociety.com/media/catalog/product/w/n/wnds_bookshot_1.png?quality=80&fit=bounds&height=700&width=700&canvas=700:700,,65.0,The Wind in the Willows,https://www.foliosociety.com/row/the-wind-in-the-willows.html
Rupert Brooke,A limited edition published to commemorate the poet’s death in April 1915 and designed to emulate the fine press editions of the early 20th century. In series with Selected Poems Edward Thomas and Selected Poems Wilfred Owen.,Ed Kluz,https://www.foliosociety.com/media/catalog/product/w/r/wrbmainmain.png?quality=80&fit=bounds&height=700&width=700&canvas=700:700,Jon Stallworthy,250.0,Rupert Brooke: Selected Poems,https://www.foliosociety.com/row/rupert-brooke-selected-poems.html
A. A. Milne,"The adventures of Pooh, Piglet and friends in an exquisite illustrated edition.",E. H. Shepard,https://www.foliosociety.com/media/catalog/product/w/n/wnp.png?quality=80&fit=bounds&height=700&width=700&canvas=700:700,,60.0,Winnie-the-Pooh,https://www.foliosociety.com/row/winnie-the-pooh.html
Jane Austen,"Jane Austen’s most modern and controversial novel, Mansfield Park, illustrated by the award-winning Darya Shnykina and introduced by Lucy Worsley, completes Folio’s sensational Austen series.",Darya Shnykina,https://www.foliosociety.com/media/catalog/product/m/f/mfp.png?quality=80&fit=bounds&height=700&width=700&canvas=700:700,Lucy Worsley,49.95,Mansfield Park,https://www.foliosociety.com/row/mansfield-park.html
Ian Fleming,Fay Dalton’s captivating images bring Ian Fleming’s riveting thriller Moonraker to life in this essential addition to the Folio Society Bond series.,Fay Dalton,https://www.foliosociety.com/media/catalog/product/m/n/mnk-n.png?quality=80&fit=bounds&height=700&width=700&canvas=700:700,,46.95,Moonraker,https://www.foliosociety.com/row/moonraker.html
Agatha Christie,"One of the most celebrated Hercule Poirot novels, Agatha Christie’s Murder on the Orient Express is presented as a glorious Folio Society edition illustrated by Andrew Davidson.",Andrew Davidson,https://www.foliosociety.com/media/catalog/product/a/c/ac6.png?quality=80&fit=bounds&height=700&width=700&canvas=700:700,,49.95,Murder on the Orient Express,https://www.foliosociety.com/row/murder-on-the-orient-express.html
Andrew Lang,A wonderful collection of fairy stories selected by Andrew Lang at the end of the 19th century and fully illustrated by Charles van Sandwyk for this Folio edition.,Charles van Sandwyk,https://www.foliosociety.com/media/catalog/product/b/f/bfb_book_1.png?quality=80&fit=bounds&height=700&width=700&canvas=700:700,Joan Aiken,59.95,The Blue Fairy Book,https://www.foliosociety.com/row/the-blue-fairy-book.html
Tobias Smollett ,"A new Folio edition of Tobias Smollett’s final masterpiece, The Expedition of Humphry Clinker, a hilarious road-trip through Georgian Britain, dynamically illustrated by Derrick Harris and with an introduction by John Sutherland.",Derrick Harris,https://www.foliosociety.com/media/catalog/product/h/u/hump-clinker.png?quality=80&fit=bounds&height=700&width=700&canvas=700:700,John Sutherland,49.95,The Expedition of Humphry Clinker,https://www.foliosociety.com/row/the-expedition-of-humphry-clinker.html
A. A. Milne,"This charming Folio edition of A. A. Milne’s classic children’s book The House at Pooh Corner features the unrivalled original illustrations by E. H. Shepard, in glorious colour.",E. H. Shepard,https://www.foliosociety.com/media/catalog/product/p/h/phc_hr.png?quality=80&fit=bounds&height=700&width=700&canvas=700:700,,49.95,The House at Pooh Corner,https://www.foliosociety.com/row/the-house-at-pooh-corner.html
P. G. Wodehouse,"P. G. Wodehouse, celebrated master of wordplay and comic timing, captures all the drama of the fairway in this charming collection of golfing short stories.",Paul Cox,https://www.foliosociety.com/media/catalog/product/t/c/tcc_book.png?quality=80&fit=bounds&height=700&width=700&canvas=700:700,Lawrence Donegan,47.95,The Clicking of Cuthbert,https://www.foliosociety.com/row/the-clicking-of-cuthbert.html
Margery Williams,"Margery Williams’s affectionate tale of enduring love, The Velveteen Rabbit, has been faithfully reproduced in this beautifully designed new Folio collector’s edition.",William Nicholson,https://www.foliosociety.com/media/catalog/product/v/v/vvr_book.png?quality=80&fit=bounds&height=700&width=700&canvas=700:700,Shirley Hughes,42.95,The Velveteen Rabbit,https://www.foliosociety.com/row/the-velveteen-rabbit.html
Jane Austen,"The last of Austen’s novels to be published, this is a tongue-in-cheek tale of the hazards of female friendship and undesirable suitors.",Jonathan Burton,https://www.foliosociety.com/media/catalog/product/n/g/nga_book.png?quality=80&fit=bounds&height=700&width=700&canvas=700:700,Val McDermid,49.95,Northanger Abbey,https://www.foliosociety.com/row/northanger-abbey.html
Homer,The greatest quest ever written is published as a stunning Folio edition that pairs Robert Fagles’s renowned translation with the illustrations of Grahame Baker-Smith.,Grahame Baker-Smith,https://www.foliosociety.com/media/catalog/product/o/d/odc_book.png?quality=80&fit=bounds&height=700&width=700&canvas=700:700,Bernard Knox,70.0,The Odyssey,https://www.foliosociety.com/row/the-odyssey.html
Brothers Grimm,"This Folio edition, a facsimile of the British edition of 1909, contains 60 of The Brothers Grimm’s most famous tales, including ‘Snow White’, ‘Hansel and Gretel’ and ‘Red Riding Hood’.",Arthur Rackham,https://www.foliosociety.com/media/catalog/product/b/g/bgr_book.png?quality=80&fit=bounds&height=700&width=700&canvas=700:700,,65.0,Grimm’s Fairy Tales,https://www.foliosociety.com/row/grimm-s-fairy-tales.html
Lewis Carroll,"The Folio Society presents a glorious new edition of Lewis Carroll’s immortal tale, illustrated by acclaimed artist Charles van Sandwyk.",Charles van Sandwyk,https://www.foliosociety.com/media/catalog/product/a/v/avs_book.png?quality=80&fit=bounds&height=700&width=700&canvas=700:700,,60.0,Alice in Wonderland,https://www.foliosociety.com/row/alice-s-adventures-in-wonderland.html
Ian Fleming,"Ian Fleming’s spy takes on man-eating sharks and a diabolical criminal mastermind in Live and Let Die, the eighth volume in Folio’s James Bond collection.",Fay Dalton,https://www.foliosociety.com/media/catalog/product/l/l/ll2_book.png?quality=80&fit=bounds&height=700&width=700&canvas=700:700,,46.95,Live and Let Die,https://www.foliosociety.com/row/live-and-let-die.html
Georges Simenon,"The second Folio Maigret collection brings together three of Georges Simenon’s engrossing detective novels, alongside woodcut illustrations by the great Harry Brockway.",Harry Brockway,https://www.foliosociety.com/media/catalog/product/m/n/mn2_book.png?quality=80&fit=bounds&height=700&width=700&canvas=700:700,,95.0,Maigret Set Two,https://www.foliosociety.com/row/maigret-set-two.html
Ian Fleming,The Spy Who Loved Me lets us get closer than ever to the elusive James Bond… This Folio collector’s edition of Ian Fleming’s controversial thriller features gorgeous illustrations by Fay Dalton.,Fay Dalton,https://www.foliosociety.com/media/catalog/product/s/w/swl_book.png?quality=80&fit=bounds&height=700&width=700&canvas=700:700,,46.95,The Spy Who Loved Me,https://www.foliosociety.com/row/the-spy-who-loved-me.html
Jean de Brunhoff,Rarely seen archive material from The Morgan Library and a large-format first edition all reproduced in exquisite facsimile,the author,https://www.foliosociety.com/media/catalog/product/b/b/bbr_book.png?quality=80&fit=bounds&height=700&width=700&canvas=700:700,,365.0,The Story of Babar,https://www.foliosociety.com/row/the-story-of-babar.html
Anne Brontë,"Published to mark the 200th anniversary of Anne Brontë’s birth, The Tenant of Wildfell Hall completes the Folio collection of the Brontë sisters’ most distinguished titles.",Valentina Catto,https://www.foliosociety.com/media/catalog/product/t/n/tnw_main_1.png?quality=80&fit=bounds&height=700&width=700&canvas=700:700,Tracy Chevalier,49.95,The Tenant of Wildfell Hall,https://www.foliosociety.com/row/the-tenant-of-wildfell-hall.html
Josephine Tey,Another Folio edition from the mistress of crime best known for her unusual and surprise-filled mysteries. Josephine Tey’s The Franchise Affair features a set of splendid illustrations by Mark Smith.,Mark Smith,https://www.foliosociety.com/media/catalog/product/f/r/fr2_book.png?quality=80&fit=bounds&height=700&width=700&canvas=700:700,Lady Antonia Fraser,49.95,The Franchise Affair,https://www.foliosociety.com/row/franchise-affair.html
Philip Larkin,This exceptional Folio edition of Philip Larkin’s Collected Poems includes a new foreword by Andrew Motion. It is the only edition of Larkin’s poetry to be illustrated with many of the author’s own photographs.,Quentin Blake,https://www.foliosociety.com/media/catalog/product/l/r/lrk_book.png?quality=80&fit=bounds&height=700&width=700&canvas=700:700,Anthony Thwaite,42.95,Collected Poems,https://www.foliosociety.com/row/philip-larkin-collected-poems.html
Lee Child,"Folio presents the first illustrated edition of Lee Child’s phenomenally popular thriller, Killing Floor – thanks to artist Oliver Barrett, action hero Jack Reacher has never looked more formidable.",Oliver Barrett,https://www.foliosociety.com/media/catalog/product/t/k/tkf_book.png?quality=80&fit=bounds&height=700&width=700&canvas=700:700,Malcolm Gladwell,60.0,Killing Floor,https://www.foliosociety.com/row/killing-floor.html
Mario Puzo,"Mario Puzo’s brilliant and brutal story of Mafia feuds and retribution in post-war New York is published in a sensational new illustrated Folio Society edition, introduced by Jonathan Freedland.",Robert Carter,https://www.foliosociety.com/media/catalog/product/g/d/gdf_book.png?quality=80&fit=bounds&height=700&width=700&canvas=700:700,Jonathan Freedland,90.0,The Godfather,https://www.foliosociety.com/row/the-godfather.html
George Orwell,Guardian editor Alan Rusbridger introduces Orwell’s masterpiece in this striking new edition.<br><br>Sign up for our upcoming Nineteen Eighty-Four Limited Edition here.,Jonathan Burton,https://www.foliosociety.com/media/catalog/product/n/8/n84_book.png?quality=80&fit=bounds&height=700&width=700&canvas=700:700,Alan Rusbridger,49.95,Nineteen Eighty-Four,https://www.foliosociety.com/row/nineteen-eighty-four.html
Cicely Mary Barker,"Cicely Mary Barker’s complete collection of Flower Fairies has been brought together in an exclusive new presentation by The Folio Society, with fully restored original paintings.",the author,https://www.foliosociety.com/media/catalog/product/f/w/fwf_book.png?quality=80&fit=bounds&height=700&width=700&canvas=700:700,,105.0,The Complete Flower Fairies,https://www.foliosociety.com/row/the-complete-flower-fairies.html
Octavia E. Butler,The past becomes a deadly leash in Octavia E. Butler’s remarkable science-fiction thriller Kindred. This special Folio Society edition features work by award-winning artist James E. Ransome.,James E. Ransome,https://www.foliosociety.com/media/catalog/product/k/i/kin_book.png?quality=80&fit=bounds&height=700&width=700&canvas=700:700,Tananarive Due,49.95,Kindred,https://www.foliosociety.com/row/kindred.html
Margaret Atwood,‘Science fiction has monsters and spaceships; speculative fiction could really happen.’ Margaret Atwood’s chilling cautionary tale is illustrated by the Balbusso sisters.,Anna and Elena Balbusso,https://www.foliosociety.com/media/catalog/product/h/t/httpwww.foliosociety.comimagesmagentoimageshdt.png?quality=80&fit=bounds&height=700&width=700&canvas=700:700,Margaret Atwood,49.95,The Handmaid’s Tale,https://www.foliosociety.com/row/the-handmaid-s-tale.html
J. R. R. Tolkien,Before The Lord of the Rings and The Hobbit came The Silmarillion – a rich tapestry of tales and legends which tells the story of Middle-earth.,Francis Mosley,https://www.foliosociety.com/media/catalog/product/s/i/sil_bookshot.png?quality=80&fit=bounds&height=700&width=700&canvas=700:700,Christopher Tolkien,60.0,The Silmarillion,https://www.foliosociety.com/row/the-silmarillion.html
Malorie Blackman,"Introduced by Benjamin Zephaniah and illustrated by Kingsley Nebechi, this stunning Folio Society edition of Noughts and Crosses showcases Malorie Blackman’s award-winning thriller set in a reimagined Western society.",Kingsley Nebechi,https://www.foliosociety.com/media/catalog/product/n/a/nax_book.png?quality=80&fit=bounds&height=700&width=700&canvas=700:700,Benjamin Zephaniah,47.95,Noughts and Crosses,https://www.foliosociety.com/row/noughts-and-crosses.html
J. R. R. Tolkien,"Successive generations have been spellbound by the exploits of Frodo, Gandalf and their comrades as they journey towards Mordor to do battle with the Dark Lord Sauron.",Eric Fraser and Ingahild Grathmer,https://www.foliosociety.com/media/catalog/product/l/t/ltr_book.png?quality=80&fit=bounds&height=700&width=700&canvas=700:700,,155.0,The Lord of the Rings,https://www.foliosociety.com/row/the-lord-of-the-rings.html
Neil Gaiman,"Neil Gaiman’s raucous comedy Anansi Boys bursts into the spotlight in an extraordinary Folio collector’s edition, filled with vibrant images by artist Francis Vallejo and introduced by Afrofuturist Nalo Hopkinson.",Francis Vallejo,https://www.foliosociety.com/media/catalog/product/a/n/anb.png?quality=80&fit=bounds&height=700&width=700&canvas=700:700,Nalo Hopkinson,85.0,Anansi Boys,https://www.foliosociety.com/row/anansi-boys.html
George R. R. Martin,The third instalment in George R. R. Martin’s ‘A Song of Ice and Fire’ saga is available as a two-volume Folio collector’s edition. A Storm of Swords is illustrated by award-winning artist Jonathan Burton.,Jonathan Burton,https://www.foliosociety.com/media/catalog/product/g/t/gt3_book.png?quality=80&fit=bounds&height=700&width=700&canvas=700:700,,160.0,A Storm of Swords,https://www.foliosociety.com/row/a-storm-of-swords.html
,"Celebrate the 80th anniversary of the first Avenger with Captain America, an exclusive Folio edition collecting classic Captain America stories by comic book legends including Stan Lee, Jack Kirby and Jim Steranko.  ",,https://www.foliosociety.com/media/catalog/product/m/a/mav_book.png?quality=80&fit=bounds&height=700&width=700&canvas=700:700,,65.0,Captain America,https://www.foliosociety.com/row/captain-america.html
Frank Herbert,Five Marvel milestones! Three sovereign super heroes! One exclusive collection! Including a facsimile of the extremely rare Marvel Comics #1! Marvel: The Golden Age 1939-1949 marks a terrific team-up between The Folio Society and Marvel Comics.,Sam Weber,https://www.foliosociety.com/media/catalog/product/m/4/m40_book.png?quality=80&fit=bounds&height=700&width=700&canvas=700:700,,185.0,Marvel: The Golden Age 1939-1949,https://www.foliosociety.com/row/marvel-the-golden-age.html
Philip K. Dick,"Twenty-four artists take on the best of Philip K. Dick’s short fiction in Selected Short Stories. With a unique die-cut slipcase, printed page edges and an introduction by Jonathan Lethem.",24 different artists,https://www.foliosociety.com/media/catalog/product/p/k/pkdk_bookshot.png?quality=80&fit=bounds&height=700&width=700&canvas=700:700,Jonathan Lethem,95.0,Selected Short Stories,https://www.foliosociety.com/row/philip-k-dick-selected-short-stories.html
John le Carré,"John le Carré’s extraordinary spy thriller features eight colour illustrations by artist Sam Green, as well as a special illustrated slipcase. The perfect collector’s edition of A Perfect Spy.",Sam Green,https://www.foliosociety.com/media/catalog/product/p/s/pspy_bookshot.png?quality=80&fit=bounds&height=700&width=700&canvas=700:700,,85.0,A Perfect Spy,https://www.foliosociety.com/row/a-perfect-spy.html
Ursula K. Le Guin,The Tombs of Atuan is the second book in Ursula K. Le Guin’s unmissable Earthsea series. Artist David Lupton provides the illustrations and a haunting binding design for this new Folio edition.,David Lupton,https://www.foliosociety.com/media/catalog/product/t/o/tomb_bookshot.png?quality=80&fit=bounds&height=700&width=700&canvas=700:700,,49.95,The Tombs of Atuan,https://www.foliosociety.com/row/the-tombs-of-atuan.html
Chimamanda Ngozi Adichie,"The first illustrated edition of Chimamanda Ngozi Adichie’s phenomenal Half of a Yellow Sun is published by The Folio Society, with a series of stunning watercolours by artist Unyime Edet.",Unyime Edet,https://www.foliosociety.com/media/catalog/product/y/s/ysun_bookshot.png?quality=80&fit=bounds&height=700&width=700&canvas=700:700,,49.95,Half of a Yellow Sun,https://www.foliosociety.com/row/half-of-a-yellow-sun.html
Jack London,"A powerful story of nature and nurture, Jack London’s The Call of the Wild is beautifully illustrated by Abigail Rorer and introduced by David Vann for this exceptional Folio Society edition.",Abigail Rorer,https://www.foliosociety.com/media/catalog/product/c/t/ctw_book_1.png?quality=80&fit=bounds&height=700&width=700&canvas=700:700,David Vann,39.95,The Call of the Wild,https://www.foliosociety.com/row/the-call-of-the-wild.html
Philip K. Dick,"Winner of the 1963 Hugo award, Philip K. Dick’s alternative history is a classic of modern science fiction, presented here with vivid illustrations by Shan Jiang.",Shan Jiang,https://www.foliosociety.com/media/catalog/product/h/c/hcs_book_2.png?quality=80&fit=bounds&height=700&width=700&canvas=700:700,Ursula K. Le Guin,49.95,The Man in the High Castle,https://www.foliosociety.com/row/the-man-in-the-high-castle.html
James M. Cain,"James M. Cain’s first novel, The Postman Always Rings Twice, was an instant bestseller. This stunning Folio edition includes noirish illustrations by Patrick Leger and a preface by film critic Steve Erickson.",Patrick Leger,https://www.foliosociety.com/media/catalog/product/p/r/pr2_bookshot_3.png?quality=80&fit=bounds&height=700&width=700&canvas=700:700,Steve Erickson,47.95,The Postman Always Rings Twice,https://www.foliosociety.com/row/the-postman-always-rings-twice.html
Zora Neale Hurston,"One of the defining African-American novels of the 20th century, Zora Neale Hurston’s Their Eyes Were Watching God is beautifully illustrated by Diana Ejaita in this striking Folio Society edition.",Diana Ejaita,https://www.foliosociety.com/media/catalog/product/e/w/ewg_bookshot.png?quality=80&fit=bounds&height=700&width=700&canvas=700:700,Zadie Smith,44.95,Their Eyes Were Watching God,https://www.foliosociety.com/row/their-eyes-were-watching-god.html
Haruki Murakami,"Designed in series with the Folio Society edition of Kafka on the Shore, Haruki Murakami’s tender and nostalgic Norwegian Wood is illustrated with award-winning Daniel Liévano’s incredible artwork.",Daniel Liévano,https://www.foliosociety.com/media/catalog/product/n/o/norw_bookshot.png?quality=80&fit=bounds&height=700&width=700&canvas=700:700,,85.0,Norwegian Wood,https://www.foliosociety.com/row/norwegian-wood.html
Philip Pullman,Discover the genesis of Lyra’s story in Philip Pullman’s La Belle Sauvage. This gorgeous Folio edition is produced in series with His Dark Materials and features new illustrations by Peter Bailey. ,Peter Bailey,https://www.foliosociety.com/media/catalog/product/l/a/labl_bookshot.png?quality=80&fit=bounds&height=700&width=700&canvas=700:700,,60.0,La Belle Sauvage,https://www.foliosociety.com/row/la-belle-sauvage.html
Neil Gaiman,Neil Gaiman’s urban fantasy epic weaves a spell unlike any other. This special edition of Neverwhere features a new introduction by Susanna Clarke and glorious illustrations by Chris Malbon.,Chris Malbon,https://www.foliosociety.com/media/catalog/product/n/w/nwh_book_1.png?quality=80&fit=bounds&height=700&width=700&canvas=700:700,Susanna Clarke,85.0,Neverwhere,https://www.foliosociety.com/row/neverwhere.html
Philip Pullman,"The second book in Philip Pullman’s 'Book of Dust' series, the Folio Society edition of The Secret Commonwealth is beautifully illustrated by Peter Bailey, including a stunning metallic-blocked binding design.",Peter Bailey,https://www.foliosociety.com/media/catalog/product/c/o/comm_bookshot_1.png?quality=80&fit=bounds&height=700&width=700&canvas=700:700,,60.0,The Secret Commonwealth,https://www.foliosociety.com/row/the-secret-commonwealth.html
Hilary Mantel,The rise and fall of Thomas Cromwell is brilliantly portrayed in Hilary Mantel’s Booker Prize-winning Wolf Hall. This Folio Society edition is illustrated by world-renowned fine artists Igor &amp; Marina.,Igor & Marina,https://www.foliosociety.com/media/catalog/product/w/l/wlf_bookshot.png?quality=80&fit=bounds&height=700&width=700&canvas=700:700,,85.0,Wolf Hall,https://www.foliosociety.com/row/wolf-hall.html
