author,clean_image_urls,description,illustrator,introduceder,price,title,url
Bill Bryson,"https://www.foliosociety.com/media/catalog/product/w/a/walk_bookshot.png?quality=80&fit=bounds&height=700&width=700&canvas=700:700,https://www.foliosociety.com/media/catalog/product/a/_/a_walk_in_the_woods_gallery_1.jpg?quality=80&fit=bounds&height=700&width=700&canvas=700:700,https://www.foliosociety.com/media/catalog/product/a/_/a_walk_in_the_woods_gallery_2.jpg?quality=80&fit=bounds&height=700&width=700&canvas=700:700,https://www.foliosociety.com/media/catalog/product/a/_/a_walk_in_the_woods_gallery_3.jpg?quality=80&fit=bounds&height=700&width=700&canvas=700:700,https://www.foliosociety.com/media/catalog/product/a/_/a_walk_in_the_woods_gallery_7.jpg?quality=80&fit=bounds&height=700&width=700&canvas=700:700,https://www.foliosociety.com/media/catalog/product/a/_/a_walk_in_the_woods_gallery_4.jpg?quality=80&fit=bounds&height=700&width=700&canvas=700:700,https://www.foliosociety.com/media/catalog/product/a/_/a_walk_in_the_woods_gallery_6.jpg?quality=80&fit=bounds&height=700&width=700&canvas=700:700,https://www.foliosociety.com/media/catalog/product/a/_/a_walk_in_the_woods_gallery_5.jpg?quality=80&fit=bounds&height=700&width=700&canvas=700:700","Full of sweat, tears and side-splitting humour, Bill Bryson’s A Walk in the Woods is a page-turning travelogue and this Folio Society edition is the ultimate companion for fans of the author’s inimitable wit.",,,£49.95,A Walk in the Woods,https://www.foliosociety.com/row/a-walk-in-the-woods.html
John Keay,"https://www.foliosociety.com/media/catalog/product/i/n/indh_bookshot.png?quality=80&fit=bounds&height=700&width=700&canvas=700:700,https://www.foliosociety.com/media/catalog/product/i/n/india_gallery_1.jpg?quality=80&fit=bounds&height=700&width=700&canvas=700:700,https://www.foliosociety.com/media/catalog/product/i/n/india_gallery_3.jpg?quality=80&fit=bounds&height=700&width=700&canvas=700:700,https://www.foliosociety.com/media/catalog/product/i/n/india_gallery_5.jpg?quality=80&fit=bounds&height=700&width=700&canvas=700:700,https://www.foliosociety.com/media/catalog/product/i/n/india_gallery_6.jpg?quality=80&fit=bounds&height=700&width=700&canvas=700:700,https://www.foliosociety.com/media/catalog/product/i/n/india_gallery_7.jpg?quality=80&fit=bounds&height=700&width=700&canvas=700:700,https://www.foliosociety.com/media/catalog/product/i/n/india_gallery_4.jpg?quality=80&fit=bounds&height=700&width=700&canvas=700:700,https://www.foliosociety.com/media/catalog/product/i/n/india_gallery_9.jpg?quality=80&fit=bounds&height=700&width=700&canvas=700:700,https://www.foliosociety.com/media/catalog/product/i/n/india_gallery_8.jpg?quality=80&fit=bounds&height=700&width=700&canvas=700:700,https://www.foliosociety.com/media/catalog/product/i/n/india_gallery_10.jpg?quality=80&fit=bounds&height=700&width=700&canvas=700:700","Spanning 5,000 years from the Bronze Age to the present, India: A History is John Keay’s masterful story of the subcontinent; revised and updated for the Folio Society in this fully illustrated edition.",,,£160.00,India,https://www.foliosociety.com/row/india.html
Tom Holland,"https://www.foliosociety.com/media/catalog/product/d/o/domn_bookshot.png?quality=80&fit=bounds&height=700&width=700&canvas=700:700,https://www.foliosociety.com/media/catalog/product/d/o/domn_gallery-5.jpg?quality=80&fit=bounds&height=700&width=700&canvas=700:700,https://www.foliosociety.com/media/catalog/product/d/o/domn_gallery-9.jpg?quality=80&fit=bounds&height=700&width=700&canvas=700:700,https://www.foliosociety.com/media/catalog/product/d/o/domn_gallery-4.jpg?quality=80&fit=bounds&height=700&width=700&canvas=700:700,https://www.foliosociety.com/media/catalog/product/d/o/domn_gallery-10.jpg?quality=80&fit=bounds&height=700&width=700&canvas=700:700,https://www.foliosociety.com/media/catalog/product/d/o/domn_gallery-3.jpg?quality=80&fit=bounds&height=700&width=700&canvas=700:700,https://www.foliosociety.com/media/catalog/product/d/o/domn_gallery-6.jpg?quality=80&fit=bounds&height=700&width=700&canvas=700:700,https://www.foliosociety.com/media/catalog/product/d/o/domn_gallery-2.jpg?quality=80&fit=bounds&height=700&width=700&canvas=700:700,https://www.foliosociety.com/media/catalog/product/d/o/domn_gallery-12.jpg?quality=80&fit=bounds&height=700&width=700&canvas=700:700,https://www.foliosociety.com/media/catalog/product/d/o/domn_gallery-1.jpg?quality=80&fit=bounds&height=700&width=700&canvas=700:700,https://www.foliosociety.com/media/catalog/product/d/o/domn_gallery-7.jpg?quality=80&fit=bounds&height=700&width=700&canvas=700:700,https://www.foliosociety.com/media/catalog/product/d/o/domn_gallery-11.jpg?quality=80&fit=bounds&height=700&width=700&canvas=700:700,https://www.foliosociety.com/media/catalog/product/d/o/domn_gallery-8.jpg?quality=80&fit=bounds&height=700&width=700&canvas=700:700","Dominion is Tom Holland’s epic exploration of how everything we do has been shaped by Christianity, a subversive sect that grew to a religion. This beautiful Folio Society edition has a striking binding design by Noma Bar with 24 pages of colour images.",,,£65.00,Dominion,https://www.foliosociety.com/row/dominion.html
Robert Hooke,"https://www.foliosociety.com/media/catalog/product/m/i/micrographia_bookshot.png?quality=80&fit=bounds&height=700&width=700&canvas=700:700,https://www.foliosociety.com/media/catalog/product/m/i/micrographia_gallery_1.jpg?quality=80&fit=bounds&height=700&width=700&canvas=700:700,https://www.foliosociety.com/media/catalog/product/m/i/micrographia_gallery_3.jpg?quality=80&fit=bounds&height=700&width=700&canvas=700:700,https://www.foliosociety.com/media/catalog/product/m/i/micrographia_gallery_4.jpg?quality=80&fit=bounds&height=700&width=700&canvas=700:700,https://www.foliosociety.com/media/catalog/product/m/i/micrographia_gallery_8.jpg?quality=80&fit=bounds&height=700&width=700&canvas=700:700,https://www.foliosociety.com/media/catalog/product/m/i/micrographia_gallery_5.jpg?quality=80&fit=bounds&height=700&width=700&canvas=700:700,https://www.foliosociety.com/media/catalog/product/m/i/micrographia_gallery_9.jpg?quality=80&fit=bounds&height=700&width=700&canvas=700:700,https://www.foliosociety.com/media/catalog/product/m/i/micrographia_gallery_6.jpg?quality=80&fit=bounds&height=700&width=700&canvas=700:700,https://www.foliosociety.com/media/catalog/product/m/i/micrographia_gallery_7.jpg?quality=80&fit=bounds&height=700&width=700&canvas=700:700,https://www.foliosociety.com/media/catalog/product/m/i/micrographia_gallery_2.jpg?quality=80&fit=bounds&height=700&width=700&canvas=700:700",Robert Hooke’s science classic Micrographia changed the way we view the natural world. This beautifully crafted Folio Society edition of the complete text includes all Hooke’s original illustrations and an introduction by historian Ruth Scurr.,,,£75.00,Micrographia,https://www.foliosociety.com/row/robert-hooke-micrographia.html
Susan Sontag,"https://www.foliosociety.com/media/catalog/product/p/h/phot_bookshot.png?quality=80&fit=bounds&height=700&width=700&canvas=700:700,https://www.foliosociety.com/media/catalog/product/o/n/on_photography_gallery_1.jpg?quality=80&fit=bounds&height=700&width=700&canvas=700:700,https://www.foliosociety.com/media/catalog/product/o/n/on_photography_gallery_2.jpg?quality=80&fit=bounds&height=700&width=700&canvas=700:700,https://www.foliosociety.com/media/catalog/product/o/n/on_photography_gallery_3.jpg?quality=80&fit=bounds&height=700&width=700&canvas=700:700,https://www.foliosociety.com/media/catalog/product/o/n/on_photography_gallery_4.jpg?quality=80&fit=bounds&height=700&width=700&canvas=700:700,https://www.foliosociety.com/media/catalog/product/o/n/on_photography_gallery_5.jpg?quality=80&fit=bounds&height=700&width=700&canvas=700:700,https://www.foliosociety.com/media/catalog/product/o/n/on_photography_gallery_6.jpg?quality=80&fit=bounds&height=700&width=700&canvas=700:700,https://www.foliosociety.com/media/catalog/product/o/n/on_photography_gallery_7.jpg?quality=80&fit=bounds&height=700&width=700&canvas=700:700","The first-ever illustrated edition of Susan Sontag’s groundbreaking work, On Photography, is newly introduced by Metropolitan Museum of Art curator of photography Mia Fineman and includes 21 beautifully reproduced archive photographs.",,,£85.00,On Photography,https://www.foliosociety.com/row/on-photography.html
Max Hastings,"https://www.foliosociety.com/media/catalog/product/a/h/ahll_bookshot.png?quality=80&fit=bounds&height=700&width=700&canvas=700:700,https://www.foliosociety.com/media/catalog/product/a/l/all_hell_let_loose_gallery_3.jpg?quality=80&fit=bounds&height=700&width=700&canvas=700:700,https://www.foliosociety.com/media/catalog/product/a/l/all_hell_let_loose_gallery_1.jpg?quality=80&fit=bounds&height=700&width=700&canvas=700:700,https://www.foliosociety.com/media/catalog/product/a/l/all_hell_let_loose_gallery_5.jpg?quality=80&fit=bounds&height=700&width=700&canvas=700:700,https://www.foliosociety.com/media/catalog/product/a/l/all_hell_let_loose_gallery_6.jpg?quality=80&fit=bounds&height=700&width=700&canvas=700:700,https://www.foliosociety.com/media/catalog/product/a/l/all_hell_let_loose_gallery_7.jpg?quality=80&fit=bounds&height=700&width=700&canvas=700:700,https://www.foliosociety.com/media/catalog/product/a/l/all_hell_let_loose_gallery_4.jpg?quality=80&fit=bounds&height=700&width=700&canvas=700:700,https://www.foliosociety.com/media/catalog/product/a/l/all_hell_let_loose_gallery_8_1.jpg?quality=80&fit=bounds&height=700&width=700&canvas=700:700,https://www.foliosociety.com/media/catalog/product/a/l/all_hell_let_loose_gallery_11.jpg?quality=80&fit=bounds&height=700&width=700&canvas=700:700,https://www.foliosociety.com/media/catalog/product/a/l/all_hell_let_loose_gallery_12.jpg?quality=80&fit=bounds&height=700&width=700&canvas=700:700,https://www.foliosociety.com/media/catalog/product/a/l/all_hell_let_loose_gallery_2.jpg?quality=80&fit=bounds&height=700&width=700&canvas=700:700","Published in a richly illustrated Folio Society edition, Max Hastings’ All Hell Let Loose is a people’s history of the Second World War from one of its greatest historians: the complete story of the conflict.",,,£150.00,All Hell Let Loose,https://www.foliosociety.com/row/all-hell-let-loose.html
Gertrude Bell,"https://www.foliosociety.com/media/catalog/product/s/o/sown_bookshot.png?quality=80&fit=bounds&height=700&width=700&canvas=700:700,https://www.foliosociety.com/media/catalog/product/s/o/sown_s_03_1.jpg?quality=80&fit=bounds&height=700&width=700&canvas=700:700,https://www.foliosociety.com/media/catalog/product/s/o/sown_s_13.jpg?quality=80&fit=bounds&height=700&width=700&canvas=700:700,https://www.foliosociety.com/media/catalog/product/s/o/sown_s_12.jpg?quality=80&fit=bounds&height=700&width=700&canvas=700:700,https://www.foliosociety.com/media/catalog/product/s/o/sown_s_15.jpg?quality=80&fit=bounds&height=700&width=700&canvas=700:700,https://www.foliosociety.com/media/catalog/product/s/o/sown_s_16.jpg?quality=80&fit=bounds&height=700&width=700&canvas=700:700,https://www.foliosociety.com/media/catalog/product/s/o/sown_s_17.jpg?quality=80&fit=bounds&height=700&width=700&canvas=700:700,https://www.foliosociety.com/media/catalog/product/s/o/sown_s_18.jpg?quality=80&fit=bounds&height=700&width=700&canvas=700:700","Syria: The Desert and The Sown is a masterpiece of travel writing by Gertrude Bell, a pioneering Victorian explorer of Arabia, now available in a stunning Folio edition featuring her original photography.",,,£80.00,Syria,https://www.foliosociety.com/row/syria.html
Michio Kaku,"https://www.foliosociety.com/media/catalog/product/p/r/prll_bookshot.png?quality=80&fit=bounds&height=700&width=700&canvas=700:700,https://www.foliosociety.com/media/catalog/product/p/a/parallel_worlds_gallery_1.jpg?quality=80&fit=bounds&height=700&width=700&canvas=700:700,https://www.foliosociety.com/media/catalog/product/p/a/parallel_worlds_gallery_2.jpg?quality=80&fit=bounds&height=700&width=700&canvas=700:700,https://www.foliosociety.com/media/catalog/product/p/a/parallel_worlds_gallery_3.jpg?quality=80&fit=bounds&height=700&width=700&canvas=700:700,https://www.foliosociety.com/media/catalog/product/p/a/parallel_worlds_gallery_4.jpg?quality=80&fit=bounds&height=700&width=700&canvas=700:700",Parallel Worlds is Michio Kaku’s astonishing journey into the mysteries of our universe – and the tantalising possibility that many others may exist. Awe-inspiring images of the cosmos complete this Folio edition.,,,£49.95,Parallel Worlds,https://www.foliosociety.com/row/parallel-worlds.html
Michael Palin,"https://www.foliosociety.com/media/catalog/product/p/o/pole_bookshot.png?quality=80&fit=bounds&height=700&width=700&canvas=700:700,https://www.foliosociety.com/media/catalog/product/p/o/pole_to_pole_gallery_1.jpg?quality=80&fit=bounds&height=700&width=700&canvas=700:700,https://www.foliosociety.com/media/catalog/product/p/o/pole_to_pole_gallery_2.jpg?quality=80&fit=bounds&height=700&width=700&canvas=700:700,https://www.foliosociety.com/media/catalog/product/p/o/pole_to_pole_gallery_5.jpg?quality=80&fit=bounds&height=700&width=700&canvas=700:700,https://www.foliosociety.com/media/catalog/product/p/o/pole_to_pole_gallery_3.jpg?quality=80&fit=bounds&height=700&width=700&canvas=700:700,https://www.foliosociety.com/media/catalog/product/p/o/pole_to_pole_gallery_4.jpg?quality=80&fit=bounds&height=700&width=700&canvas=700:700","Pole to Pole is Michael Palin’s account of his epic journey from the Arctic to Antarctic, via the USSR, Africa and South America: a classic adventure in a beautiful Folio Society edition, with superb original photography.",,,£49.95,Pole to Pole,https://www.foliosociety.com/row/pole-to-pole.html
Paul Theroux,"https://www.foliosociety.com/media/catalog/product/p/a/patg_bookshot.png?quality=80&fit=bounds&height=700&width=700&canvas=700:700,https://www.foliosociety.com/media/catalog/product/o/l/old_patagonian_express_gallery_1_2.jpg?quality=80&fit=bounds&height=700&width=700&canvas=700:700,https://www.foliosociety.com/media/catalog/product/o/l/old_patagonian_express_gallery_2_2.jpg?quality=80&fit=bounds&height=700&width=700&canvas=700:700,https://www.foliosociety.com/media/catalog/product/o/l/old_patagonian_express_gallery_3_2.jpg?quality=80&fit=bounds&height=700&width=700&canvas=700:700,https://www.foliosociety.com/media/catalog/product/o/l/old_patagonian_express_gallery_4_2.jpg?quality=80&fit=bounds&height=700&width=700&canvas=700:700,https://www.foliosociety.com/media/catalog/product/o/l/old_patagonian_express_gallery_5_2.jpg?quality=80&fit=bounds&height=700&width=700&canvas=700:700,https://www.foliosociety.com/media/catalog/product/o/l/old_patagonian_express_gallery_6_2.jpg?quality=80&fit=bounds&height=700&width=700&canvas=700:700","One of the greatest travelogues of the 20th century, Paul Theroux’s The Old Patagonian Express is newly presented as a Folio edition featuring an exclusive new introduction by the author and 24 original colour photographs.",,,£65.00,The Old Patagonian Express,https://www.foliosociety.com/row/the-old-patagonian-express.html
Tom Wolfe,"https://www.foliosociety.com/media/catalog/product/r/t/rtst_bookshot.png?quality=80&fit=bounds&height=700&width=700&canvas=700:700,https://www.foliosociety.com/media/catalog/product/r/i/right_stuff_gallery_2.jpg?quality=80&fit=bounds&height=700&width=700&canvas=700:700,https://www.foliosociety.com/media/catalog/product/r/i/right_stuff_gallery_4.jpg?quality=80&fit=bounds&height=700&width=700&canvas=700:700,https://www.foliosociety.com/media/catalog/product/r/i/right_stuff_gallery_3.jpg?quality=80&fit=bounds&height=700&width=700&canvas=700:700,https://www.foliosociety.com/media/catalog/product/r/i/right_stuff_gallery_5.jpg?quality=80&fit=bounds&height=700&width=700&canvas=700:700,https://www.foliosociety.com/media/catalog/product/r/i/right_stuff_gallery_6.jpg?quality=80&fit=bounds&height=700&width=700&canvas=700:700,https://www.foliosociety.com/media/catalog/product/r/i/right_stuff_gallery_9.jpg?quality=80&fit=bounds&height=700&width=700&canvas=700:700,https://www.foliosociety.com/media/catalog/product/r/i/right_stuff_gallery_8.jpg?quality=80&fit=bounds&height=700&width=700&canvas=700:700,https://www.foliosociety.com/media/catalog/product/r/i/right_stuff_gallery_10.jpg?quality=80&fit=bounds&height=700&width=700&canvas=700:700,https://www.foliosociety.com/media/catalog/product/r/i/right_stuff_gallery_7.jpg?quality=80&fit=bounds&height=700&width=700&canvas=700:700","The Right Stuff is an exhilarating flight into the death-defying lives of the Mercury Seven, America’s first astronauts. This Folio edition of Tom Wolfe’s classic features superb retro-styled colour illustrations by Tavis Coburn.",,,£75.00,The Right Stuff,https://www.foliosociety.com/row/the-right-stuff.html
Frederick Douglass,"https://www.foliosociety.com/media/catalog/product/n/l/nlfd_bookshot.png?quality=80&fit=bounds&height=700&width=700&canvas=700:700,https://www.foliosociety.com/media/catalog/product/f/r/frederick_douglas__gallery_1.jpg?quality=80&fit=bounds&height=700&width=700&canvas=700:700,https://www.foliosociety.com/media/catalog/product/f/r/frederick_douglas__gallery_2.jpg?quality=80&fit=bounds&height=700&width=700&canvas=700:700,https://www.foliosociety.com/media/catalog/product/f/r/frederick_douglas__gallery_5.jpg?quality=80&fit=bounds&height=700&width=700&canvas=700:700,https://www.foliosociety.com/media/catalog/product/f/r/frederick_douglas__gallery_4.jpg?quality=80&fit=bounds&height=700&width=700&canvas=700:700","Narrative of the Life of Frederick Douglass is the powerful memoir of an American slave, published with photographic portraits and a new introduction exclusive to the Folio edition.",,,£44.95,Narrative of the Life of Frederick Douglass ,https://www.foliosociety.com/row/narrative-of-the-life-of-frederick-douglass.html
Thucydides,"https://www.foliosociety.com/media/catalog/product/p/e/pelp_bookshot.png?quality=80&fit=bounds&height=700&width=700&canvas=700:700,https://www.foliosociety.com/media/catalog/product/p/e/pelp_gallery_2.jpg?quality=80&fit=bounds&height=700&width=700&canvas=700:700,https://www.foliosociety.com/media/catalog/product/p/e/pelp_gallery_10.jpg?quality=80&fit=bounds&height=700&width=700&canvas=700:700,https://www.foliosociety.com/media/catalog/product/p/e/pelp_gallery_8.jpg?quality=80&fit=bounds&height=700&width=700&canvas=700:700,https://www.foliosociety.com/media/catalog/product/p/e/pelp_gallery_1.jpg?quality=80&fit=bounds&height=700&width=700&canvas=700:700,https://www.foliosociety.com/media/catalog/product/p/e/pelp_gallery_9.jpg?quality=80&fit=bounds&height=700&width=700&canvas=700:700,https://www.foliosociety.com/media/catalog/product/p/e/pelp_gallery_4.jpg?quality=80&fit=bounds&height=700&width=700&canvas=700:700,https://www.foliosociety.com/media/catalog/product/p/e/pelp_gallery_12.jpg?quality=80&fit=bounds&height=700&width=700&canvas=700:700,https://www.foliosociety.com/media/catalog/product/p/e/pelp_gallery_6.jpg?quality=80&fit=bounds&height=700&width=700&canvas=700:700,https://www.foliosociety.com/media/catalog/product/p/e/pelp_gallery_13.jpg?quality=80&fit=bounds&height=700&width=700&canvas=700:700,https://www.foliosociety.com/media/catalog/product/p/e/pelp_gallery_7.jpg?quality=80&fit=bounds&height=700&width=700&canvas=700:700,https://www.foliosociety.com/media/catalog/product/p/e/pelp_gallery_14.jpg?quality=80&fit=bounds&height=700&width=700&canvas=700:700,https://www.foliosociety.com/media/catalog/product/p/e/pelp_gallery_5.jpg?quality=80&fit=bounds&height=700&width=700&canvas=700:700,https://www.foliosociety.com/media/catalog/product/p/e/pelp_gallery_3_v2.jpg?quality=80&fit=bounds&height=700&width=700&canvas=700:700","Folio’s fabulous limited edition of the first great military history has been expertly handbound in full-grain leather. Featuring illustrations by Nick Hayes and an exclusive introduction by Katherine Harloe, each of the 750 numbered copies has been signed by both contributors.",,,£400.00,The Peloponnesian War,https://www.foliosociety.com/row/the-peloponnesian-war.html
Judith Herrin,"https://www.foliosociety.com/media/catalog/product/b/y/byzt_bookshot.png?quality=80&fit=bounds&height=700&width=700&canvas=700:700,https://www.foliosociety.com/media/catalog/product/b/y/byzantium_gallery_1.jpg?quality=80&fit=bounds&height=700&width=700&canvas=700:700,https://www.foliosociety.com/media/catalog/product/b/y/byzantium_gallery_2.jpg?quality=80&fit=bounds&height=700&width=700&canvas=700:700,https://www.foliosociety.com/media/catalog/product/b/y/byzantium_gallery_3.jpg?quality=80&fit=bounds&height=700&width=700&canvas=700:700,https://www.foliosociety.com/media/catalog/product/b/y/byzantium_gallery_4.jpg?quality=80&fit=bounds&height=700&width=700&canvas=700:700,https://www.foliosociety.com/media/catalog/product/b/y/byzantium_gallery_5.jpg?quality=80&fit=bounds&height=700&width=700&canvas=700:700,https://www.foliosociety.com/media/catalog/product/b/y/byzantium_gallery_6.jpg?quality=80&fit=bounds&height=700&width=700&canvas=700:700,https://www.foliosociety.com/media/catalog/product/b/y/byzantium_gallery_7.jpg?quality=80&fit=bounds&height=700&width=700&canvas=700:700","Byzantium is Judith Herrin’s masterful and often surprising history of a 1,000-year empire, in a Folio Society edition sumptuously illustrated with imperial treasures, plus a new introduction by the author.",,,£75.00,Byzantium,https://www.foliosociety.com/row/byzantium.html
Simon Sebag Montefiore,"https://www.foliosociety.com/media/catalog/product/s/t/stln_bookshot.png?quality=80&fit=bounds&height=700&width=700&canvas=700:700,https://www.foliosociety.com/media/catalog/product/s/t/stalin_gallery_2.jpg?quality=80&fit=bounds&height=700&width=700&canvas=700:700,https://www.foliosociety.com/media/catalog/product/s/t/stalin_gallery_6.jpg?quality=80&fit=bounds&height=700&width=700&canvas=700:700,https://www.foliosociety.com/media/catalog/product/s/t/stalin_gallery_9.jpg?quality=80&fit=bounds&height=700&width=700&canvas=700:700,https://www.foliosociety.com/media/catalog/product/s/t/stalin_gallery_10.jpg?quality=80&fit=bounds&height=700&width=700&canvas=700:700,https://www.foliosociety.com/media/catalog/product/s/t/stalin_gallery_11.jpg?quality=80&fit=bounds&height=700&width=700&canvas=700:700,https://www.foliosociety.com/media/catalog/product/s/t/stalin_gallery_5.jpg?quality=80&fit=bounds&height=700&width=700&canvas=700:700,https://www.foliosociety.com/media/catalog/product/s/t/stalin_gallery_7.jpg?quality=80&fit=bounds&height=700&width=700&canvas=700:700,https://www.foliosociety.com/media/catalog/product/s/t/stalin_gallery_8.jpg?quality=80&fit=bounds&height=700&width=700&canvas=700:700,https://www.foliosociety.com/media/catalog/product/s/t/stalin_gallery_13.jpg?quality=80&fit=bounds&height=700&width=700&canvas=700:700,https://www.foliosociety.com/media/catalog/product/s/t/stalin_gallery_14.jpg?quality=80&fit=bounds&height=700&width=700&canvas=700:700,https://www.foliosociety.com/media/catalog/product/s/t/stalin_gallery_3.jpg?quality=80&fit=bounds&height=700&width=700&canvas=700:700","Stalin: The Court of the Red Tsar is Simon Sebag Montefiore’s chilling, superbly researched study of the Soviet dictator and his circle, in a Folio edition with stunning archive photography.",,,£150.00,Stalin,https://www.foliosociety.com/row/stalin.html
Ben Macintyre,"https://www.foliosociety.com/media/catalog/product/o/p/opmm_bookshot.png?quality=80&fit=bounds&height=700&width=700&canvas=700:700,https://www.foliosociety.com/media/catalog/product/o/p/operation_mincemeat_gallery_1.jpg?quality=80&fit=bounds&height=700&width=700&canvas=700:700,https://www.foliosociety.com/media/catalog/product/o/p/operation_mincemeat_gallery_2.jpg?quality=80&fit=bounds&height=700&width=700&canvas=700:700,https://www.foliosociety.com/media/catalog/product/o/p/operation_mincemeat_gallery_3.jpg?quality=80&fit=bounds&height=700&width=700&canvas=700:700,https://www.foliosociety.com/media/catalog/product/o/p/operation_mincemeat_gallery_4.jpg?quality=80&fit=bounds&height=700&width=700&canvas=700:700,https://www.foliosociety.com/media/catalog/product/o/p/operation_mincemeat_gallery_5.jpg?quality=80&fit=bounds&height=700&width=700&canvas=700:700,https://www.foliosociety.com/media/catalog/product/o/p/operation_mincemeat_gallery_6.jpg?quality=80&fit=bounds&height=700&width=700&canvas=700:700",Ben Macintyre’s number-one bestseller Operation Mincemeat is the definitive account of the Second World War’s greatest military deception: a daring hoax that fooled Hitler and changed the course of history.,,,£65.00,Operation Mincemeat,https://www.foliosociety.com/row/operation-mincemeat.html
Edward O. Wilson,"https://www.foliosociety.com/media/catalog/product/d/o/dol_book.png?quality=80&fit=bounds&height=700&width=700&canvas=700:700,https://www.foliosociety.com/media/catalog/product/d/o/dol_01.jpg?quality=80&fit=bounds&height=700&width=700&canvas=700:700,https://www.foliosociety.com/media/catalog/product/d/o/dol_02.jpg?quality=80&fit=bounds&height=700&width=700&canvas=700:700,https://www.foliosociety.com/media/catalog/product/d/o/dol_03.jpg?quality=80&fit=bounds&height=700&width=700&canvas=700:700,https://www.foliosociety.com/media/catalog/product/d/o/dol_04.jpg?quality=80&fit=bounds&height=700&width=700&canvas=700:700,https://www.foliosociety.com/media/catalog/product/d/o/dol_05.jpg?quality=80&fit=bounds&height=700&width=700&canvas=700:700,https://www.foliosociety.com/media/catalog/product/d/o/dol_06.jpg?quality=80&fit=bounds&height=700&width=700&canvas=700:700,https://www.foliosociety.com/media/catalog/product/d/o/dol_07.jpg?quality=80&fit=bounds&height=700&width=700&canvas=700:700,https://www.foliosociety.com/media/catalog/product/d/o/dol_08.jpg?quality=80&fit=bounds&height=700&width=700&canvas=700:700",Pulitzer Prize-winning scientist Edward O. Wilson’s classic account of evolution and biodiversity remains as relevant as when first published in 1992. The Folio edition of The Diversity of Life features wonderful colour wildlife images and a foreword by Bill McKibben.,,,£60.00,The Diversity of Life,https://www.foliosociety.com/row/the-diversity-of-life.html
Professor Mary Beard,"https://www.foliosociety.com/media/catalog/product/s/p/spq_bookshot.png?quality=80&fit=bounds&height=700&width=700&canvas=700:700,https://www.foliosociety.com/media/catalog/product/s/p/spq_03.png?quality=80&fit=bounds&height=700&width=700&canvas=700:700,https://www.foliosociety.com/media/catalog/product/s/p/spq_02.png?quality=80&fit=bounds&height=700&width=700&canvas=700:700,https://www.foliosociety.com/media/catalog/product/s/p/spq_04.png?quality=80&fit=bounds&height=700&width=700&canvas=700:700,https://www.foliosociety.com/media/catalog/product/s/p/spq_01.png?quality=80&fit=bounds&height=700&width=700&canvas=700:700,https://www.foliosociety.com/media/catalog/product/s/p/spq_05.png?quality=80&fit=bounds&height=700&width=700&canvas=700:700",The definitive account of ancient Rome by acclaimed historian Mary Beard vividly depicts ordinary Roman lives and contains more than 45 full-colour images specially selected for the Folio edition of S.P.Q.R.,,,£80.00,S.P.Q.R.,https://www.foliosociety.com/row/spqr.html
Stephen Hawking,"https://www.foliosociety.com/media/catalog/product/n/o/nol_main.png?quality=80&fit=bounds&height=700&width=700&canvas=700:700,https://www.foliosociety.com/media/catalog/product/n/o/nol_001.jpg?quality=80&fit=bounds&height=700&width=700&canvas=700:700,https://www.foliosociety.com/media/catalog/product/n/o/nol_010.jpg?quality=80&fit=bounds&height=700&width=700&canvas=700:700,https://www.foliosociety.com/media/catalog/product/n/o/nol_002.jpg?quality=80&fit=bounds&height=700&width=700&canvas=700:700,https://www.foliosociety.com/media/catalog/product/n/o/nol_003.jpg?quality=80&fit=bounds&height=700&width=700&canvas=700:700,https://www.foliosociety.com/media/catalog/product/n/o/nol_004.jpg?quality=80&fit=bounds&height=700&width=700&canvas=700:700,https://www.foliosociety.com/media/catalog/product/n/o/nol_005.jpg?quality=80&fit=bounds&height=700&width=700&canvas=700:700,https://www.foliosociety.com/media/catalog/product/n/o/nol_007.jpg?quality=80&fit=bounds&height=700&width=700&canvas=700:700,https://www.foliosociety.com/media/catalog/product/n/o/nol_008.jpg?quality=80&fit=bounds&height=700&width=700&canvas=700:700","Commemorating the 500th anniversary of the death of Leonardo da Vinci, this magnificent Folio collector’s edition reveals his brilliance in three beautifully illustrated volumes with stunning gold-blocked bindings.",,,£240.00,The Notebooks of Leonardo da Vinci,https://www.foliosociety.com/row/the-notebooks-of-leonardo-da-vinci.html
Captain Charles Johnson,"https://www.foliosociety.com/media/catalog/product/p/i/pir_bookshot.png?quality=80&fit=bounds&height=700&width=700&canvas=700:700,https://www.foliosociety.com/media/catalog/product/p/i/pir_s_09.jpg?quality=80&fit=bounds&height=700&width=700&canvas=700:700,https://www.foliosociety.com/media/catalog/product/p/i/pir_s_13.jpg?quality=80&fit=bounds&height=700&width=700&canvas=700:700,https://www.foliosociety.com/media/catalog/product/p/i/pir_s_14.jpg?quality=80&fit=bounds&height=700&width=700&canvas=700:700,https://www.foliosociety.com/media/catalog/product/p/i/pir_s_15.jpg?quality=80&fit=bounds&height=700&width=700&canvas=700:700,https://www.foliosociety.com/media/catalog/product/p/i/pir_s_17.jpg?quality=80&fit=bounds&height=700&width=700&canvas=700:700","The bloodthirsty biographies of the world’s most infamous pirates are reproduced in this Folio edition of Captain Charles Johnson’s renowned work, including original woodcut illustrations and a fascinating introduction by Margarette Lincoln.",,,£44.95,A General History of the Robberies & Murders of the Most Notorious Pirates,https://www.foliosociety.com/row/a-general-history-of-the-robberies-murders-of-the-most-notorious-pirates.html
David Crystal,"https://www.foliosociety.com/media/catalog/product/d/c/dcy_book.png?quality=80&fit=bounds&height=700&width=700&canvas=700:700,https://www.foliosociety.com/media/catalog/product/d/c/dcy_01.jpg?quality=80&fit=bounds&height=700&width=700&canvas=700:700,https://www.foliosociety.com/media/catalog/product/s/t/stories_2.jpg?quality=80&fit=bounds&height=700&width=700&canvas=700:700,https://www.foliosociety.com/media/catalog/product/s/t/stories_of_eng_1.jpg?quality=80&fit=bounds&height=700&width=700&canvas=700:700","A new Folio Society edition of eminent linguist David Crystal’s commanding history shows how English turned into a rich, diverse global language, spoken by well over two billion people.",,,£95.00,The Stories of English,https://www.foliosociety.com/row/the-stories-of-english.html
Edited by John Cherry,"https://www.foliosociety.com/media/catalog/product/b/s/bst_bookshot.png?quality=80&fit=bounds&height=700&width=700&canvas=700:700,https://www.foliosociety.com/media/catalog/product/b/s/bst_gallery_1.jpg?quality=80&fit=bounds&height=700&width=700&canvas=700:700,https://www.foliosociety.com/media/catalog/product/b/s/bst_gallery.jpg?quality=80&fit=bounds&height=700&width=700&canvas=700:700,https://www.foliosociety.com/media/catalog/product/b/s/bst_gallery_2.jpg?quality=80&fit=bounds&height=700&width=700&canvas=700:700,https://www.foliosociety.com/media/catalog/product/b/s/bst_gallery_3.jpg?quality=80&fit=bounds&height=700&width=700&canvas=700:700,https://www.foliosociety.com/media/catalog/product/b/s/bst_gallery_4.jpg?quality=80&fit=bounds&height=700&width=700&canvas=700:700,https://www.foliosociety.com/media/catalog/product/b/s/bst_gallery_7.jpg?quality=80&fit=bounds&height=700&width=700&canvas=700:700,https://www.foliosociety.com/media/catalog/product/b/s/bst_gallery_5.jpg?quality=80&fit=bounds&height=700&width=700&canvas=700:700,https://www.foliosociety.com/media/catalog/product/b/s/bst_gallery_6.jpg?quality=80&fit=bounds&height=700&width=700&canvas=700:700,https://www.foliosociety.com/media/catalog/product/b/s/bst_gallery_8.jpg?quality=80&fit=bounds&height=700&width=700&canvas=700:700","A fascinating history of the creatures that populate myths and folklore, John Cherry’s Mythical Beasts is beautifully reimagined as a Folio edition illustrated with archive images and Neil Packer’s striking new motifs and binding design.",,,£60.00,Mythical Beasts,https://www.foliosociety.com/row/mythical-beasts.html
Maya Angelou,"https://www.foliosociety.com/media/catalog/product/k/w/kwb_book.png?quality=80&fit=bounds&height=700&width=700&canvas=700:700,https://www.foliosociety.com/media/catalog/product/k/w/kwb_01.jpg?quality=80&fit=bounds&height=700&width=700&canvas=700:700,https://www.foliosociety.com/media/catalog/product/k/w/kwb_02.jpg?quality=80&fit=bounds&height=700&width=700&canvas=700:700,https://www.foliosociety.com/media/catalog/product/c/a/caged_b_1.jpg?quality=80&fit=bounds&height=700&width=700&canvas=700:700,https://www.foliosociety.com/media/catalog/product/k/w/kwb_03.jpg?quality=80&fit=bounds&height=700&width=700&canvas=700:700,https://www.foliosociety.com/media/catalog/product/c/a/caged_b2.jpg?quality=80&fit=bounds&height=700&width=700&canvas=700:700,https://www.foliosociety.com/media/catalog/product/k/w/kwb_04.jpg?quality=80&fit=bounds&height=700&width=700&canvas=700:700",Maya Angelou’s empowering and moving memoir I Know Why the Caged Bird Sings is newly introduced and illustrated in this beautifully crafted Folio edition.,,,£47.95,I Know Why the Caged Bird Sings,https://www.foliosociety.com/row/i-know-why-the-caged-bird-sings.html
Charles Darwin,"https://www.foliosociety.com/media/catalog/product/d/s/dsm_bookshot.png?quality=80&fit=bounds&height=700&width=700&canvas=700:700,https://www.foliosociety.com/media/catalog/product/d/s/dsm_04.jpg?quality=80&fit=bounds&height=700&width=700&canvas=700:700,https://www.foliosociety.com/media/catalog/product/d/s/dsm_03.jpg?quality=80&fit=bounds&height=700&width=700&canvas=700:700,https://www.foliosociety.com/media/catalog/product/d/s/dsm_01.jpg?quality=80&fit=bounds&height=700&width=700&canvas=700:700,https://www.foliosociety.com/media/catalog/product/d/s/dsm_02.jpg?quality=80&fit=bounds&height=700&width=700&canvas=700:700","Charles Darwin’s The Descent of Man applies his revolutionary theory to human evolution. This exceptional Folio collector’s edition is introduced by Richard Dawkins and includes numerous colour illustrations, as well as diagrams and figures. ",,,£70.00,The Descent of Man,https://www.foliosociety.com/row/the-descent-of-man.html
Charles Darwin,"https://www.foliosociety.com/media/catalog/product/o/o/oos_book.png?quality=80&fit=bounds&height=700&width=700&canvas=700:700,https://www.foliosociety.com/media/catalog/product/o/o/oos_s_05.png?quality=80&fit=bounds&height=700&width=700&canvas=700:700",No book has revolutionised our view of life on earth more than Charles Darwin’s On the Origin of Species. Yet its enduring popularity is a testament to the immense energy and startling simplicity with which Darwin makes his revelations.,,,£70.00,On the Origin of Species,https://www.foliosociety.com/row/on-the-origin-of-species.html
Studs Terkel,"https://www.foliosociety.com/media/catalog/product/w/r/wrk_book.png?quality=80&fit=bounds&height=700&width=700&canvas=700:700,https://www.foliosociety.com/media/catalog/product/w/r/wrk_01.jpg?quality=80&fit=bounds&height=700&width=700&canvas=700:700,https://www.foliosociety.com/media/catalog/product/w/r/wrk_02.jpg?quality=80&fit=bounds&height=700&width=700&canvas=700:700,https://www.foliosociety.com/media/catalog/product/w/r/wrk_03.jpg?quality=80&fit=bounds&height=700&width=700&canvas=700:700,https://www.foliosociety.com/media/catalog/product/w/r/wrk_pic.jpg?quality=80&fit=bounds&height=700&width=700&canvas=700:700,https://www.foliosociety.com/media/catalog/product/w/r/wrk_04.jpg?quality=80&fit=bounds&height=700&width=700&canvas=700:700,https://www.foliosociety.com/media/catalog/product/w/r/wrk_pic2.jpg?quality=80&fit=bounds&height=700&width=700&canvas=700:700,https://www.foliosociety.com/media/catalog/product/w/r/wrk_05.jpg?quality=80&fit=bounds&height=700&width=700&canvas=700:700,https://www.foliosociety.com/media/catalog/product/w/r/wrk_06.jpg?quality=80&fit=bounds&height=700&width=700&canvas=700:700,https://www.foliosociety.com/media/catalog/product/w/r/wrk_pic4.jpg?quality=80&fit=bounds&height=700&width=700&canvas=700:700,https://www.foliosociety.com/media/catalog/product/w/r/wrk_07.jpg?quality=80&fit=bounds&height=700&width=700&canvas=700:700","The fascinating working lives of ordinary people are revealed in Studs Terkel’s masterful chronicle of American life, published as an illustrated edition for the first time by Folio.",,,£75.00,Working,https://www.foliosociety.com/row/working.html
Ryszard Kapuściński,"https://www.foliosociety.com/media/catalog/product/k/a/kap_book.png?quality=80&fit=bounds&height=700&width=700&canvas=700:700,https://www.foliosociety.com/media/catalog/product/k/a/kap_01.jpg?quality=80&fit=bounds&height=700&width=700&canvas=700:700,https://www.foliosociety.com/media/catalog/product/k/a/kap_02.jpg?quality=80&fit=bounds&height=700&width=700&canvas=700:700,https://www.foliosociety.com/media/catalog/product/k/a/kap_03.jpg?quality=80&fit=bounds&height=700&width=700&canvas=700:700,https://www.foliosociety.com/media/catalog/product/k/a/kap_04.jpg?quality=80&fit=bounds&height=700&width=700&canvas=700:700","Illustrated with archive photography, Ryszard Kapuściński’s masterpiece of reportage, Shah of Shahs, is a welcome addition to the Folio collection.",,,£49.95,Shah of Shahs,https://www.foliosociety.com/row/shah-of-shahs.html
Sun-tzu,"https://www.foliosociety.com/media/catalog/product/a/o/aow_bookshot.png?quality=80&fit=bounds&height=700&width=700&canvas=700:700,https://www.foliosociety.com/media/catalog/product/a/o/aow_99_3.jpg?quality=80&fit=bounds&height=700&width=700&canvas=700:700,https://www.foliosociety.com/media/catalog/product/a/o/aow_96_3.jpg?quality=80&fit=bounds&height=700&width=700&canvas=700:700,https://www.foliosociety.com/media/catalog/product/a/o/aow_01.png?quality=80&fit=bounds&height=700&width=700&canvas=700:700,https://www.foliosociety.com/media/catalog/product/a/o/aow_98_3.jpg?quality=80&fit=bounds&height=700&width=700&canvas=700:700,https://www.foliosociety.com/media/catalog/product/a/o/aow_02.png?quality=80&fit=bounds&height=700&width=700&canvas=700:700,https://www.foliosociety.com/media/catalog/product/a/o/aow_97_3.jpg?quality=80&fit=bounds&height=700&width=700&canvas=700:700","Written more than 2,500 years ago, The Art of War remains the most famous military treatise of all time. Sun-tzu’s collection of precepts on strategic warfare has yet to be surpassed.",,,£60.00,The Art of War,https://www.foliosociety.com/row/the-art-of-war.html
Murray Pittock,"https://www.foliosociety.com/media/catalog/product/c/u/cull_book.png?quality=80&fit=bounds&height=700&width=700&canvas=700:700,https://www.foliosociety.com/media/catalog/product/c/u/culloden_gallery_3.jpg?quality=80&fit=bounds&height=700&width=700&canvas=700:700,https://www.foliosociety.com/media/catalog/product/c/u/cull_01.jpg?quality=80&fit=bounds&height=700&width=700&canvas=700:700,https://www.foliosociety.com/media/catalog/product/c/u/cull_02.jpg?quality=80&fit=bounds&height=700&width=700&canvas=700:700,https://www.foliosociety.com/media/catalog/product/c/u/cull_03.jpg?quality=80&fit=bounds&height=700&width=700&canvas=700:700,https://www.foliosociety.com/media/catalog/product/c/u/cull_04.jpg?quality=80&fit=bounds&height=700&width=700&canvas=700:700,https://www.foliosociety.com/media/catalog/product/c/u/cull_05.jpg?quality=80&fit=bounds&height=700&width=700&canvas=700:700","Fully illustrated and part of the Folio Society’s Great Battles series, Murray Pittock’s Culloden boldly reassesses the last battle fought on British soil – a clash that ended the Jacobite uprising. ",,,£47.95,Culloden,https://www.foliosociety.com/row/culloden.html
Nora Chadwick,"https://www.foliosociety.com/media/catalog/product/c/l/clt_book.png?quality=80&fit=bounds&height=700&width=700&canvas=700:700,https://www.foliosociety.com/media/catalog/product/c/l/clt_01.png?quality=80&fit=bounds&height=700&width=700&canvas=700:700,https://www.foliosociety.com/media/catalog/product/c/l/clt_02.png?quality=80&fit=bounds&height=700&width=700&canvas=700:700,https://www.foliosociety.com/media/catalog/product/c/l/clt_03.png?quality=80&fit=bounds&height=700&width=700&canvas=700:700,https://www.foliosociety.com/media/catalog/product/c/l/clt_04.png?quality=80&fit=bounds&height=700&width=700&canvas=700:700,https://www.foliosociety.com/media/catalog/product/c/l/clt_05.png?quality=80&fit=bounds&height=700&width=700&canvas=700:700","A captivating edition of the classic survey of the rise and spread of the Celts, with new colour photography.",,,£65.00,The Celts,https://www.foliosociety.com/row/the-celts.html
Gwyn Jones,"https://www.foliosociety.com/media/catalog/product/v/i/vik_book.png?quality=80&fit=bounds&height=700&width=700&canvas=700:700,https://www.foliosociety.com/media/catalog/product/v/i/vik_02.png?quality=80&fit=bounds&height=700&width=700&canvas=700:700,https://www.foliosociety.com/media/catalog/product/v/i/vik_03.png?quality=80&fit=bounds&height=700&width=700&canvas=700:700,https://www.foliosociety.com/media/catalog/product/v/i/vik_04.png?quality=80&fit=bounds&height=700&width=700&canvas=700:700,https://www.foliosociety.com/media/catalog/product/v/i/vik_01.png?quality=80&fit=bounds&height=700&width=700&canvas=700:700,https://www.foliosociety.com/media/catalog/product/v/i/vik_05.png?quality=80&fit=bounds&height=700&width=700&canvas=700:700","Gwyn Jones dispels the myths of an empire built on terror and tyranny, in The Vikings; now in its seventh Folio Society printing.",,,£65.00,The Vikings,https://www.foliosociety.com/row/vikings.html
Edited by Peter Gillman,"https://www.foliosociety.com/media/catalog/product/e/v/evt_bookshot_1.png?quality=80&fit=bounds&height=700&width=700&canvas=700:700,https://www.foliosociety.com/media/catalog/product/e/v/evt_gallery_2.jpg?quality=80&fit=bounds&height=700&width=700&canvas=700:700,https://www.foliosociety.com/media/catalog/product/e/v/evt_gallery_14.jpg?quality=80&fit=bounds&height=700&width=700&canvas=700:700,https://www.foliosociety.com/media/catalog/product/e/v/evt_gallery_4.jpg?quality=80&fit=bounds&height=700&width=700&canvas=700:700,https://www.foliosociety.com/media/catalog/product/e/v/everest_96.jpg?quality=80&fit=bounds&height=700&width=700&canvas=700:700,https://www.foliosociety.com/media/catalog/product/e/v/evt_gallery_5.jpg?quality=80&fit=bounds&height=700&width=700&canvas=700:700,https://www.foliosociety.com/media/catalog/product/e/v/evt_gallery_10.jpg?quality=80&fit=bounds&height=700&width=700&canvas=700:700,https://www.foliosociety.com/media/catalog/product/e/v/everest_98.jpg?quality=80&fit=bounds&height=700&width=700&canvas=700:700,https://www.foliosociety.com/media/catalog/product/e/v/evt_gallery_8.jpg?quality=80&fit=bounds&height=700&width=700&canvas=700:700,https://www.foliosociety.com/media/catalog/product/e/v/evt_gallery_9.jpg?quality=80&fit=bounds&height=700&width=700&canvas=700:700,https://www.foliosociety.com/media/catalog/product/e/v/everest_97.jpg?quality=80&fit=bounds&height=700&width=700&canvas=700:700,https://www.foliosociety.com/media/catalog/product/e/v/evt_gallery_7.jpg?quality=80&fit=bounds&height=700&width=700&canvas=700:700,https://www.foliosociety.com/media/catalog/product/e/v/everest_99.jpg?quality=80&fit=bounds&height=700&width=700&canvas=700:700,https://www.foliosociety.com/media/catalog/product/e/v/evt_gallery_6.jpg?quality=80&fit=bounds&height=700&width=700&canvas=700:700,https://www.foliosociety.com/media/catalog/product/e/v/evt_gallery_1.jpg?quality=80&fit=bounds&height=700&width=700&canvas=700:700,https://www.foliosociety.com/media/catalog/product/e/v/evt_gallery_12.jpg?quality=80&fit=bounds&height=700&width=700&canvas=700:700,https://www.foliosociety.com/media/catalog/product/e/v/evt_gallery_11.jpg?quality=80&fit=bounds&height=700&width=700&canvas=700:700","Compiled, written and edited by Peter Gillman for The Folio Society, Everest: From Reconnaissance to Summit is an exclusive record of five key expeditions, introduced by Wade Davis and Jan Morris with superlative photography from the Royal Geographical Society archives.",,,£225.00,Everest,https://www.foliosociety.com/row/everest.html
Richard F. Townsend,"https://www.foliosociety.com/media/catalog/product/t/a/taz_main1.png?quality=80&fit=bounds&height=700&width=700&canvas=700:700,https://www.foliosociety.com/media/catalog/product/t/a/taz_02.jpg?quality=80&fit=bounds&height=700&width=700&canvas=700:700,https://www.foliosociety.com/media/catalog/product/t/a/taz_002.jpg?quality=80&fit=bounds&height=700&width=700&canvas=700:700,https://www.foliosociety.com/media/catalog/product/t/a/taz_01.jpg?quality=80&fit=bounds&height=700&width=700&canvas=700:700,https://www.foliosociety.com/media/catalog/product/t/a/taz_03.jpg?quality=80&fit=bounds&height=700&width=700&canvas=700:700,https://www.foliosociety.com/media/catalog/product/t/a/taz_98.jpg?quality=80&fit=bounds&height=700&width=700&canvas=700:700,https://www.foliosociety.com/media/catalog/product/t/a/taz_05.jpg?quality=80&fit=bounds&height=700&width=700&canvas=700:700,https://www.foliosociety.com/media/catalog/product/t/a/taz_99.jpg?quality=80&fit=bounds&height=700&width=700&canvas=700:700,https://www.foliosociety.com/media/catalog/product/t/a/taz_06.jpg?quality=80&fit=bounds&height=700&width=700&canvas=700:700,https://www.foliosociety.com/media/catalog/product/t/a/taz_07.jpg?quality=80&fit=bounds&height=700&width=700&canvas=700:700","The history of one of the world’s most fascinating civilisations, a people both dynamic and feared, is newly presented in a stunning two-volume Folio edition.",,,£145.00,The Aztecs,https://www.foliosociety.com/row/the-aztecs.html
Neil Gaiman,https://www.foliosociety.com/media/catalog/product/g/i/giftcard_1200x1200_1.png?quality=80&fit=bounds&height=700&width=700&canvas=700:700,"When you’d love to buy someone special a book but you’re not sure which one … choose the Folio e-Gift Card and they can pick their perfect edition. We’ll email it directly to their inbox on the date you choose, so they can start browsing as soon as they get it.",,,"(None,)",Folio e-Gift Card,https://www.foliosociety.com/row/folio-e-gift-card.html
Professor Mary Beard,"https://www.foliosociety.com/media/catalog/product/l/r/lrt.png?quality=80&fit=bounds&height=700&width=700&canvas=700:700,https://www.foliosociety.com/media/catalog/product/l/r/lrt_s_04.png?quality=80&fit=bounds&height=700&width=700&canvas=700:700,https://www.foliosociety.com/media/catalog/product/0/4/047_lrt.png?quality=80&fit=bounds&height=700&width=700&canvas=700:700,https://www.foliosociety.com/media/catalog/product/l/r/lrt_6.png?quality=80&fit=bounds&height=700&width=700&canvas=700:700,https://www.foliosociety.com/media/catalog/product/0/2/026_lrt.png?quality=80&fit=bounds&height=700&width=700&canvas=700:700,https://www.foliosociety.com/media/catalog/product/0/3/032_lrt.png?quality=80&fit=bounds&height=700&width=700&canvas=700:700,https://www.foliosociety.com/media/catalog/product/l/r/lrt_7.png?quality=80&fit=bounds&height=700&width=700&canvas=700:700,https://www.foliosociety.com/media/catalog/product/0/2/029_lrt.png?quality=80&fit=bounds&height=700&width=700&canvas=700:700","In this award-winning history, Mary Beard guides us through the daily life of Pompeii, an existence that is far more complex than we might have realised. Lively, exciting and accessible, this book brings us as close as possible to the real Pompeii.",,,£60.00,Pompeii,https://www.foliosociety.com/row/pompeii.html
Nelson Mandela,"https://www.foliosociety.com/media/catalog/product/l/w/lwf_bookshot.png?quality=80&fit=bounds&height=700&width=700&canvas=700:700,https://www.foliosociety.com/media/catalog/product/l/w/lwf_gallery_1.jpg?quality=80&fit=bounds&height=700&width=700&canvas=700:700,https://www.foliosociety.com/media/catalog/product/l/w/lwf_gallery.jpg?quality=80&fit=bounds&height=700&width=700&canvas=700:700,https://www.foliosociety.com/media/catalog/product/l/w/lwf_gallery_2.jpg?quality=80&fit=bounds&height=700&width=700&canvas=700:700,https://www.foliosociety.com/media/catalog/product/l/w/lwf_gallery_3.jpg?quality=80&fit=bounds&height=700&width=700&canvas=700:700,https://www.foliosociety.com/media/catalog/product/l/w/lwf_gallery_4.jpg?quality=80&fit=bounds&height=700&width=700&canvas=700:700,https://www.foliosociety.com/media/catalog/product/l/w/lwf_gallery_5.jpg?quality=80&fit=bounds&height=700&width=700&canvas=700:700,https://www.foliosociety.com/media/catalog/product/l/w/lwf_gallery_6.jpg?quality=80&fit=bounds&height=700&width=700&canvas=700:700,https://www.foliosociety.com/media/catalog/product/l/w/lwf_gallery_7.jpg?quality=80&fit=bounds&height=700&width=700&canvas=700:700,https://www.foliosociety.com/media/catalog/product/l/w/lwf_gallery_8.jpg?quality=80&fit=bounds&height=700&width=700&canvas=700:700","The international best-selling autobiography of the first black president of South Africa, Nelson Mandela’s Long Walk to Freedom is published by Folio as a striking collector’s edition featuring 41 pages of photographs and an evocative new binding.",,,£85.00,Long Walk to Freedom,https://www.foliosociety.com/row/long-walk-to-freedom.html
Jan Morris,"https://www.foliosociety.com/media/catalog/product/m/4/m45_book.png?quality=80&fit=bounds&height=700&width=700&canvas=700:700,https://www.foliosociety.com/media/catalog/product/m/4/m45_s_05.jpg?quality=80&fit=bounds&height=700&width=700&canvas=700:700,https://www.foliosociety.com/media/catalog/product/m/4/m45_s_06.jpg?quality=80&fit=bounds&height=700&width=700&canvas=700:700,https://www.foliosociety.com/media/catalog/product/m/4/m45_s_03.jpg?quality=80&fit=bounds&height=700&width=700&canvas=700:700",Jan Morris’s exuberant and witty love letter to the Manhattan of 1945 effortlessly evokes a time when it was ‘the most hopeful city on earth’.,,,£42.95,Manhattan ’45,https://www.foliosociety.com/row/manhattan-45.html
James Campbell ,"https://www.foliosociety.com/media/catalog/product/a/x/axs_bookshot.png?quality=80&fit=bounds&height=700&width=700&canvas=700:700,https://www.foliosociety.com/media/catalog/product/a/x/axs_s_01_copy_1.jpg?quality=80&fit=bounds&height=700&width=700&canvas=700:700,https://www.foliosociety.com/media/catalog/product/a/x/axs_s_12_copy_1.jpg?quality=80&fit=bounds&height=700&width=700&canvas=700:700,https://www.foliosociety.com/media/catalog/product/a/x/axs_s_23_1.jpg?quality=80&fit=bounds&height=700&width=700&canvas=700:700,https://www.foliosociety.com/media/catalog/product/a/x/axs_s_30_1.jpg?quality=80&fit=bounds&height=700&width=700&canvas=700:700,https://www.foliosociety.com/media/catalog/product/a/x/axs_s_33_1.jpg?quality=80&fit=bounds&height=700&width=700&canvas=700:700,https://www.foliosociety.com/media/catalog/product/a/x/axs_s_35_1.jpg?quality=80&fit=bounds&height=700&width=700&canvas=700:700","Still one of the most influential books in its field, Campbell’s account of six hundred years of power struggles, blood-feuds, conquest and gold hoards is now vividly portrayed by Folio with full-colour photographs.",,,£145.00,The Anglo-Saxons,https://www.foliosociety.com/row/the-anglo-saxons.html
Howard Carter,"https://www.foliosociety.com/media/catalog/product/t/a/taa_book.png?quality=80&fit=bounds&height=700&width=700&canvas=700:700,https://www.foliosociety.com/media/catalog/product/t/a/taa_gallery_10.jpg?quality=80&fit=bounds&height=700&width=700&canvas=700:700,https://www.foliosociety.com/media/catalog/product/t/a/taa_gallery_9.jpg?quality=80&fit=bounds&height=700&width=700&canvas=700:700,https://www.foliosociety.com/media/catalog/product/t/a/taa_gallery_8.jpg?quality=80&fit=bounds&height=700&width=700&canvas=700:700,https://www.foliosociety.com/media/catalog/product/t/a/taa_gallery_7.jpg?quality=80&fit=bounds&height=700&width=700&canvas=700:700,https://www.foliosociety.com/media/catalog/product/t/a/taa_gallery_6.jpg?quality=80&fit=bounds&height=700&width=700&canvas=700:700,https://www.foliosociety.com/media/catalog/product/t/a/taa_gallery_5.jpg?quality=80&fit=bounds&height=700&width=700&canvas=700:700,https://www.foliosociety.com/media/catalog/product/t/a/taa_gallery_4.jpg?quality=80&fit=bounds&height=700&width=700&canvas=700:700,https://www.foliosociety.com/media/catalog/product/t/a/taa_gallery_3.jpg?quality=80&fit=bounds&height=700&width=700&canvas=700:700,https://www.foliosociety.com/media/catalog/product/t/a/taa_gallery_2.jpg?quality=80&fit=bounds&height=700&width=700&canvas=700:700,https://www.foliosociety.com/media/catalog/product/t/a/taa_gallery_1.jpg?quality=80&fit=bounds&height=700&width=700&canvas=700:700,https://www.foliosociety.com/media/catalog/product/t/a/taa_gallery.jpg?quality=80&fit=bounds&height=700&width=700&canvas=700:700","Howard Carter’s thrilling account of discovering Tutankhamun’s Tomb, in a superb two-volume Folio edition including a book of colour photographs by Sandro Vannini and the original text and exploration photographs.",,,£145.00,The Tomb of Tutankhamun,https://www.foliosociety.com/row/the-tomb-of-tutankhamun.html
Andrew Chaikin,"https://www.foliosociety.com/media/catalog/product/m/n/mnm_book.png?quality=80&fit=bounds&height=700&width=700&canvas=700:700,https://www.foliosociety.com/media/catalog/product/m/n/mnm_02.jpg?quality=80&fit=bounds&height=700&width=700&canvas=700:700,https://www.foliosociety.com/media/catalog/product/m/n/mnm_01.jpg?quality=80&fit=bounds&height=700&width=700&canvas=700:700,https://www.foliosociety.com/media/catalog/product/m/n/mnm_03.jpg?quality=80&fit=bounds&height=700&width=700&canvas=700:700,https://www.foliosociety.com/media/catalog/product/m/n/mnm_06.jpg?quality=80&fit=bounds&height=700&width=700&canvas=700:700,https://www.foliosociety.com/media/catalog/product/m/n/mnm_04.jpg?quality=80&fit=bounds&height=700&width=700&canvas=700:700,https://www.foliosociety.com/media/catalog/product/m/n/mnm_07.jpg?quality=80&fit=bounds&height=700&width=700&canvas=700:700,https://www.foliosociety.com/media/catalog/product/m/n/mnm_05.jpg?quality=80&fit=bounds&height=700&width=700&canvas=700:700","Andrew Chaikin selects stunning new photography for The Folio Society edition of A Man on the Moon – his commanding history of the Apollo missions, with an introduction by Tom Hanks. ",,,£175.00,A Man on the Moon,https://www.foliosociety.com/row/a-man-on-the-moon.html
John Keay,"https://www.foliosociety.com/media/catalog/product/c/r/cry_bookshot.png?quality=80&fit=bounds&height=700&width=700&canvas=700:700,https://www.foliosociety.com/media/catalog/product/c/h/china_gallery_1_1.jpg?quality=80&fit=bounds&height=700&width=700&canvas=700:700,https://www.foliosociety.com/media/catalog/product/c/h/china_gallery_10_1.jpg?quality=80&fit=bounds&height=700&width=700&canvas=700:700,https://www.foliosociety.com/media/catalog/product/c/h/china_gallery_2_1.jpg?quality=80&fit=bounds&height=700&width=700&canvas=700:700,https://www.foliosociety.com/media/catalog/product/c/h/china_gallery_3_1.jpg?quality=80&fit=bounds&height=700&width=700&canvas=700:700,https://www.foliosociety.com/media/catalog/product/c/h/china_gallery_4_1.jpg?quality=80&fit=bounds&height=700&width=700&canvas=700:700,https://www.foliosociety.com/media/catalog/product/c/h/china_gallery_5_1.jpg?quality=80&fit=bounds&height=700&width=700&canvas=700:700,https://www.foliosociety.com/media/catalog/product/c/h/china_gallery_6_1.jpg?quality=80&fit=bounds&height=700&width=700&canvas=700:700,https://www.foliosociety.com/media/catalog/product/c/h/china_gallery_7.jpg?quality=80&fit=bounds&height=700&width=700&canvas=700:700,https://www.foliosociety.com/media/catalog/product/c/h/china_gallery_8_1.jpg?quality=80&fit=bounds&height=700&width=700&canvas=700:700,https://www.foliosociety.com/media/catalog/product/c/h/china_gallery_9_1.jpg?quality=80&fit=bounds&height=700&width=700&canvas=700:700","Covering 3,000 years, John Keay’s China: A History chronicles one of the world’s great civilisations, from Confucius to Mao, in an exclusively updated Folio Society edition with lavish colour illustrations and a new introduction by the author.",,,£160.00,China,https://www.foliosociety.com/row/china.html
Hunter S. Thompson,"https://www.foliosociety.com/media/catalog/product/l/a/lasv_bookshot.png?quality=80&fit=bounds&height=700&width=700&canvas=700:700,https://www.foliosociety.com/media/catalog/product/f/e/fear_and_loathing_in_las_vegas_gallery_2.jpg?quality=80&fit=bounds&height=700&width=700&canvas=700:700,https://www.foliosociety.com/media/catalog/product/f/e/fear_and_loathing_in_las_vegas_gallery_4.jpg?quality=80&fit=bounds&height=700&width=700&canvas=700:700,https://www.foliosociety.com/media/catalog/product/f/e/fear_and_loathing_in_las_vegas_gallery_5.jpg?quality=80&fit=bounds&height=700&width=700&canvas=700:700,https://www.foliosociety.com/media/catalog/product/f/e/fear_and_loathing_in_las_vegas_gallery_9.jpg?quality=80&fit=bounds&height=700&width=700&canvas=700:700,https://www.foliosociety.com/media/catalog/product/f/e/fear_and_loathing_in_las_vegas_gallery_7.jpg?quality=80&fit=bounds&height=700&width=700&canvas=700:700,https://www.foliosociety.com/media/catalog/product/f/e/fear_and_loathing_in_las_vegas_gallery_6.jpg?quality=80&fit=bounds&height=700&width=700&canvas=700:700,https://www.foliosociety.com/media/catalog/product/f/e/fear_and_loathing_in_las_vegas_gallery_10.jpg?quality=80&fit=bounds&height=700&width=700&canvas=700:700,https://www.foliosociety.com/media/catalog/product/f/e/fear_and_loathing_in_las_vegas_gallery_8.jpg?quality=80&fit=bounds&height=700&width=700&canvas=700:700,https://www.foliosociety.com/media/catalog/product/f/e/fear_and_loathing_in_las_vegas_gallery_3.jpg?quality=80&fit=bounds&height=700&width=700&canvas=700:700","Hunter S. Thompson’s acid-laced counterculture classic, Fear and Loathing in Las Vegas, is given the ultimate collector’s makeover in this 50th anniversary Folio Society edition featuring Ralph Steadman’s original illustrations and an exclusive introduction by David Mamet.",,,£49.95,Fear and Loathing in Las Vegas,https://www.foliosociety.com/row/fear-and-loathing-in-las-vegas.html
Rachel Carson,"https://www.foliosociety.com/media/catalog/product/s/s/ss2_bookshot_1.png?quality=80&fit=bounds&height=700&width=700&canvas=700:700,https://www.foliosociety.com/media/catalog/product/s/i/silent_spring_gallery_1.jpg?quality=80&fit=bounds&height=700&width=700&canvas=700:700,https://www.foliosociety.com/media/catalog/product/s/i/silent_spring_gallery_2.jpg?quality=80&fit=bounds&height=700&width=700&canvas=700:700,https://www.foliosociety.com/media/catalog/product/s/s/ss2_02.jpg?quality=80&fit=bounds&height=700&width=700&canvas=700:700,https://www.foliosociety.com/media/catalog/product/s/s/ss2_03.jpg?quality=80&fit=bounds&height=700&width=700&canvas=700:700,https://www.foliosociety.com/media/catalog/product/s/s/ss2_04.jpg?quality=80&fit=bounds&height=700&width=700&canvas=700:700","The book that launched the environmental movement, Rachel Carson’s Silent Spring arrives in a beautiful new illustrated Folio Society edition with pertinent essays by Margaret Atwood and Edward O. Wilson, and stunning photography from the Documerica archive.",,,£49.95,Silent Spring,https://www.foliosociety.com/row/silent-spring.html
Steve Brusatte,"https://www.foliosociety.com/media/catalog/product/d/i/dins_bookshot.png?quality=80&fit=bounds&height=700&width=700&canvas=700:700,https://www.foliosociety.com/media/catalog/product/r/i/rise_and_fall_of_the_dinosaurs_gallery_4.jpg?quality=80&fit=bounds&height=700&width=700&canvas=700:700,https://www.foliosociety.com/media/catalog/product/r/i/rise_and_fall_of_the_dinosaurs_gallery_7.jpg?quality=80&fit=bounds&height=700&width=700&canvas=700:700,https://www.foliosociety.com/media/catalog/product/r/i/rise_and_fall_of_the_dinosaurs_gallery_10.jpg?quality=80&fit=bounds&height=700&width=700&canvas=700:700,https://www.foliosociety.com/media/catalog/product/r/i/rise_and_fall_of_the_dinosaurs_gallery_11.jpg?quality=80&fit=bounds&height=700&width=700&canvas=700:700,https://www.foliosociety.com/media/catalog/product/r/i/rise_and_fall_of_the_dinosaurs_gallery_8.jpg?quality=80&fit=bounds&height=700&width=700&canvas=700:700,https://www.foliosociety.com/media/catalog/product/r/i/rise_and_fall_of_the_dinosaurs_gallery_14.jpg?quality=80&fit=bounds&height=700&width=700&canvas=700:700,https://www.foliosociety.com/media/catalog/product/r/i/rise_and_fall_of_the_dinosaurs_gallery_9.jpg?quality=80&fit=bounds&height=700&width=700&canvas=700:700,https://www.foliosociety.com/media/catalog/product/r/i/rise_and_fall_of_the_dinosaurs_gallery_2.jpg?quality=80&fit=bounds&height=700&width=700&canvas=700:700,https://www.foliosociety.com/media/catalog/product/r/i/rise_and_fall_of_the_dinosaurs_gallery_13.jpg?quality=80&fit=bounds&height=700&width=700&canvas=700:700,https://www.foliosociety.com/media/catalog/product/r/i/rise_and_fall_of_the_dinosaurs_gallery_3.jpg?quality=80&fit=bounds&height=700&width=700&canvas=700:700,https://www.foliosociety.com/media/catalog/product/r/i/rise_and_fall_of_the_dinosaurs_gallery_12.jpg?quality=80&fit=bounds&height=700&width=700&canvas=700:700,https://www.foliosociety.com/media/catalog/product/r/i/rise_and_fall_of_the_dinosaurs_gallery_6.jpg?quality=80&fit=bounds&height=700&width=700&canvas=700:700","In The Rise and Fall of the Dinosaurs, top palaeontologist Steve Brusatte brings prehistoric Earth brilliantly to life in an illustrated Folio edition with stunning art from Davide Bonadonna.",,,£75.00,The Rise and Fall of the Dinosaurs,https://www.foliosociety.com/row/the-rise-and-fall-of-the-dinosaurs.html
Simon Ball,"https://www.foliosociety.com/media/catalog/product/a/l/alam_bookshot.png?quality=80&fit=bounds&height=700&width=700&canvas=700:700,https://www.foliosociety.com/media/catalog/product/a/l/alamein_gallery_1.jpg?quality=80&fit=bounds&height=700&width=700&canvas=700:700,https://www.foliosociety.com/media/catalog/product/a/l/alamein_gallery_2.jpg?quality=80&fit=bounds&height=700&width=700&canvas=700:700,https://www.foliosociety.com/media/catalog/product/a/l/alamein_gallery_3.jpg?quality=80&fit=bounds&height=700&width=700&canvas=700:700,https://www.foliosociety.com/media/catalog/product/a/l/alamein_gallery_4.jpg?quality=80&fit=bounds&height=700&width=700&canvas=700:700,https://www.foliosociety.com/media/catalog/product/a/l/alamein_gallery_5.jpg?quality=80&fit=bounds&height=700&width=700&canvas=700:700","Simon Ball’s Alamein joins the Folio Society’s fully illustrated Great Battles series: a masterful analysis of Montgomery’s famous Second World War victory against Rommel’s North African forces, and its controversial legacy.",,,£47.95,Alamein,https://www.foliosociety.com/row/alamein.html
Hannah Arendt,"https://www.foliosociety.com/media/catalog/product/t/o/toot_bookshot_1.png?quality=80&fit=bounds&height=700&width=700&canvas=700:700,https://www.foliosociety.com/media/catalog/product/o/r/origins_of_totalitarianism_gallery_10_1.jpg?quality=80&fit=bounds&height=700&width=700&canvas=700:700,https://www.foliosociety.com/media/catalog/product/o/r/origins_of_totalitarianism_gallery_1.jpg?quality=80&fit=bounds&height=700&width=700&canvas=700:700,https://www.foliosociety.com/media/catalog/product/o/r/origins_of_totalitarianism_gallery_3.jpg?quality=80&fit=bounds&height=700&width=700&canvas=700:700,https://www.foliosociety.com/media/catalog/product/o/r/origins_of_totalitarianism_gallery_6.jpg?quality=80&fit=bounds&height=700&width=700&canvas=700:700,https://www.foliosociety.com/media/catalog/product/o/r/origins_of_totalitarianism_gallery_7.jpg?quality=80&fit=bounds&height=700&width=700&canvas=700:700,https://www.foliosociety.com/media/catalog/product/o/r/origins_of_totalitarianism_gallery_2.jpg?quality=80&fit=bounds&height=700&width=700&canvas=700:700,https://www.foliosociety.com/media/catalog/product/o/r/origins_of_totalitarianism_gallery_4.jpg?quality=80&fit=bounds&height=700&width=700&canvas=700:700,https://www.foliosociety.com/media/catalog/product/o/r/origins_of_totalitarianism_gallery_8.jpg?quality=80&fit=bounds&height=700&width=700&canvas=700:700,https://www.foliosociety.com/media/catalog/product/o/r/origins_of_totalitarianism_gallery_9.jpg?quality=80&fit=bounds&height=700&width=700&canvas=700:700","Published by Folio in its first-ever illustrated edition, Hannah Arendt’s The Origins of Totalitarianism is a ground-breaking study of how the Nazi and Soviet regimes came to power, which speaks directly to our own age.",,,£150.00,The Origins of Totalitarianism ,https://www.foliosociety.com/row/the-origins-of-totalitarianism.html
Ernest Shackleton,"https://www.foliosociety.com/media/catalog/product/s/c/sck_bookshot_1.png?quality=80&fit=bounds&height=700&width=700&canvas=700:700,https://www.foliosociety.com/media/catalog/product/s/h/shackleton_s_antarctica_gallery_6_1.jpg?quality=80&fit=bounds&height=700&width=700&canvas=700:700,https://www.foliosociety.com/media/catalog/product/s/h/shackleton_s_antarctica_gallery_5_1.jpg?quality=80&fit=bounds&height=700&width=700&canvas=700:700,https://www.foliosociety.com/media/catalog/product/s/h/shackleton_s_antarctica_gallery_4_1.jpg?quality=80&fit=bounds&height=700&width=700&canvas=700:700,https://www.foliosociety.com/media/catalog/product/s/h/shackleton_s_antarctica_gallery_8_1.jpg?quality=80&fit=bounds&height=700&width=700&canvas=700:700,https://www.foliosociety.com/media/catalog/product/s/h/shackleton_s_antarctica_gallery_1_1.jpg?quality=80&fit=bounds&height=700&width=700&canvas=700:700,https://www.foliosociety.com/media/catalog/product/s/h/shackleton_s_antarctica_gallery_11.jpg?quality=80&fit=bounds&height=700&width=700&canvas=700:700,https://www.foliosociety.com/media/catalog/product/s/h/shackleton_s_antarctica_gallery_10.jpg?quality=80&fit=bounds&height=700&width=700&canvas=700:700,https://www.foliosociety.com/media/catalog/product/s/h/shackleton_s_antarctica_gallery_12.jpg?quality=80&fit=bounds&height=700&width=700&canvas=700:700,https://www.foliosociety.com/media/catalog/product/s/h/shackleton_s_antarctica_gallery_2_1.jpg?quality=80&fit=bounds&height=700&width=700&canvas=700:700,https://www.foliosociety.com/media/catalog/product/s/h/shackleton_s_antarctica_gallery_9.jpg?quality=80&fit=bounds&height=700&width=700&canvas=700:700,https://www.foliosociety.com/media/catalog/product/s/h/shackleton_s_antarctica_gallery_13.jpg?quality=80&fit=bounds&height=700&width=700&canvas=700:700,https://www.foliosociety.com/media/catalog/product/s/h/shackleton_s_antarctica_gallery_3_1.jpg?quality=80&fit=bounds&height=700&width=700&canvas=700:700,https://www.foliosociety.com/media/catalog/product/s/h/shackleton_s_antarctica_gallery_7_1.jpg?quality=80&fit=bounds&height=700&width=700&canvas=700:700,https://www.foliosociety.com/media/catalog/product/s/h/shackleton_s_antarctica_gallery_14.jpg?quality=80&fit=bounds&height=700&width=700&canvas=700:700,https://www.foliosociety.com/media/catalog/product/s/h/shackleton_s_antarctica_gallery_17.jpg?quality=80&fit=bounds&height=700&width=700&canvas=700:700,https://www.foliosociety.com/media/catalog/product/s/h/shackleton_s_antarctica_gallery_18.jpg?quality=80&fit=bounds&height=700&width=700&canvas=700:700","Commemorating the centenary of Ernest Shackleton’s death, The Folio Society brings together The Heart of the Antarctic and South – thrilling accounts of his greatest polar expeditions in his own words.",,,£210.00,Shackleton’s Antarctica,https://www.foliosociety.com/row/shackleton-s-antarctica.html
Neil Sheehan,"https://www.foliosociety.com/media/catalog/product/a/b/abs_book.png?quality=80&fit=bounds&height=700&width=700&canvas=700:700,https://www.foliosociety.com/media/catalog/product/a/_/a_bright_shining_lie_gallery_3_1.jpg?quality=80&fit=bounds&height=700&width=700&canvas=700:700,https://www.foliosociety.com/media/catalog/product/a/_/a_bright_shining_lie_gallery_1_1.jpg?quality=80&fit=bounds&height=700&width=700&canvas=700:700,https://www.foliosociety.com/media/catalog/product/a/_/a_bright_shining_lie_gallery_8.jpg?quality=80&fit=bounds&height=700&width=700&canvas=700:700,https://www.foliosociety.com/media/catalog/product/a/_/a_bright_shining_lie_gallery_10.jpg?quality=80&fit=bounds&height=700&width=700&canvas=700:700,https://www.foliosociety.com/media/catalog/product/a/_/a_bright_shining_lie_gallery_9.jpg?quality=80&fit=bounds&height=700&width=700&canvas=700:700,https://www.foliosociety.com/media/catalog/product/a/_/a_bright_shining_lie_gallery_7_1.jpg?quality=80&fit=bounds&height=700&width=700&canvas=700:700,https://www.foliosociety.com/media/catalog/product/a/_/a_bright_shining_lie_gallery_11.jpg?quality=80&fit=bounds&height=700&width=700&canvas=700:700,https://www.foliosociety.com/media/catalog/product/a/_/a_bright_shining_lie_gallery_12.jpg?quality=80&fit=bounds&height=700&width=700&canvas=700:700,https://www.foliosociety.com/media/catalog/product/a/_/a_bright_shining_lie_gallery_6_1.jpg?quality=80&fit=bounds&height=700&width=700&canvas=700:700,https://www.foliosociety.com/media/catalog/product/a/_/a_bright_shining_lie_gallery_2_1.jpg?quality=80&fit=bounds&height=700&width=700&canvas=700:700","A Bright Shining Lie is Neil Sheehan’s Pulitzer Prize-winning history of the Vietnam War told through lieutenant colonel John Paul Vann, with a new introduction by George Packer for The Folio Society.",,,£145.00,A Bright Shining Lie,https://www.foliosociety.com/row/a-bright-shining-lie-new.html
Susan Brigden,"https://www.foliosociety.com/media/catalog/product/t/u/tudr_bookshot.png?quality=80&fit=bounds&height=700&width=700&canvas=700:700,https://www.foliosociety.com/media/catalog/product/t/h/the_tudor_age_gallery_8.jpg?quality=80&fit=bounds&height=700&width=700&canvas=700:700,https://www.foliosociety.com/media/catalog/product/t/h/the_tudor_age_gallery_3.jpg?quality=80&fit=bounds&height=700&width=700&canvas=700:700,https://www.foliosociety.com/media/catalog/product/t/h/the_tudor_age_gallery_5.jpg?quality=80&fit=bounds&height=700&width=700&canvas=700:700,https://www.foliosociety.com/media/catalog/product/t/h/the_tudor_age_gallery_1.jpg?quality=80&fit=bounds&height=700&width=700&canvas=700:700,https://www.foliosociety.com/media/catalog/product/t/h/the_tudor_age_gallery_4.jpg?quality=80&fit=bounds&height=700&width=700&canvas=700:700,https://www.foliosociety.com/media/catalog/product/t/h/the_tudor_age_gallery_2.jpg?quality=80&fit=bounds&height=700&width=700&canvas=700:700,https://www.foliosociety.com/media/catalog/product/t/h/the_tudor_age_gallery_7.jpg?quality=80&fit=bounds&height=700&width=700&canvas=700:700,https://www.foliosociety.com/media/catalog/product/t/h/the_tudor_age_gallery_9.jpg?quality=80&fit=bounds&height=700&width=700&canvas=700:700","In The Tudor Age, historian Susan Brigden brings to life the world of Henry VIII, Mary, Queen of Scots and Elizabeth I in a Folio edition superbly illustrated with colour portraiture.",,,£85.00,The Tudor Age,https://www.foliosociety.com/row/the-tudor-age.html
Carlo Rovelli,"https://www.foliosociety.com/media/catalog/product/o/r/ortm_bookshot.png?quality=80&fit=bounds&height=700&width=700&canvas=700:700,https://www.foliosociety.com/media/catalog/product/o/r/order_of_time_gallery_1.jpg?quality=80&fit=bounds&height=700&width=700&canvas=700:700,https://www.foliosociety.com/media/catalog/product/o/r/order_of_time_gallery_2.jpg?quality=80&fit=bounds&height=700&width=700&canvas=700:700,https://www.foliosociety.com/media/catalog/product/o/r/order_of_time_gallery_3.jpg?quality=80&fit=bounds&height=700&width=700&canvas=700:700,https://www.foliosociety.com/media/catalog/product/o/r/order_of_time_gallery_4.jpg?quality=80&fit=bounds&height=700&width=700&canvas=700:700,https://www.foliosociety.com/media/catalog/product/o/r/order_of_time_gallery_5.jpg?quality=80&fit=bounds&height=700&width=700&canvas=700:700,https://www.foliosociety.com/media/catalog/product/o/r/order_of_time_gallery_6.jpg?quality=80&fit=bounds&height=700&width=700&canvas=700:700,https://www.foliosociety.com/media/catalog/product/o/r/order_of_time_gallery_7.jpg?quality=80&fit=bounds&height=700&width=700&canvas=700:700",The Order of Time is physicist Carlo Rovelli’s number-one bestselling exploration of the universe’s greatest mystery – time itself. Philip Pullman introduces this Folio edition featuring Daniel Streat’s unique graphic design.,,,£60.00,The Order of Time,https://www.foliosociety.com/row/the-order-of-time.html
Mark Twain,"https://www.foliosociety.com/media/catalog/product/i/a/iab_bookshots.png?quality=80&fit=bounds&height=700&width=700&canvas=700:700,https://www.foliosociety.com/media/catalog/product/i/n/innocents_abroad_gallery_1.jpg?quality=80&fit=bounds&height=700&width=700&canvas=700:700,https://www.foliosociety.com/media/catalog/product/i/n/innocents_abroad_gallery_3.jpg?quality=80&fit=bounds&height=700&width=700&canvas=700:700,https://www.foliosociety.com/media/catalog/product/i/n/innocents_abroad_gallery_2.jpg?quality=80&fit=bounds&height=700&width=700&canvas=700:700,https://www.foliosociety.com/media/catalog/product/i/n/innocents_abroad_gallery_4.jpg?quality=80&fit=bounds&height=700&width=700&canvas=700:700,https://www.foliosociety.com/media/catalog/product/i/n/innocents_abroad_gallery_8.jpg?quality=80&fit=bounds&height=700&width=700&canvas=700:700,https://www.foliosociety.com/media/catalog/product/i/n/innocents_abroad_gallery_6.jpg?quality=80&fit=bounds&height=700&width=700&canvas=700:700,https://www.foliosociety.com/media/catalog/product/i/n/innocents_abroad_gallery_9.jpg?quality=80&fit=bounds&height=700&width=700&canvas=700:700,https://www.foliosociety.com/media/catalog/product/i/n/innocents_abroad_gallery_7.jpg?quality=80&fit=bounds&height=700&width=700&canvas=700:700",Mark Twain’s classic travelogue The Innocents Abroad firmly established him as a writer and humourist of dazzling perspicacity. This Folio Society edition is newly introduced by Paul Theroux and lavishly illustrated by James Albon.,,,£80.00,The Innocents Abroad,https://www.foliosociety.com/row/the-innocents-abroad.html
Peter Frankopan,"https://www.foliosociety.com/media/catalog/product/s/r/srsc_bookshot.png?quality=80&fit=bounds&height=700&width=700&canvas=700:700,https://www.foliosociety.com/media/catalog/product/s/i/silk_roads_gallery_16.jpg?quality=80&fit=bounds&height=700&width=700&canvas=700:700,https://www.foliosociety.com/media/catalog/product/s/r/srsc_gallery_1.jpg?quality=80&fit=bounds&height=700&width=700&canvas=700:700,https://www.foliosociety.com/media/catalog/product/s/i/silk_roads_gallery_2_1.jpg?quality=80&fit=bounds&height=700&width=700&canvas=700:700,https://www.foliosociety.com/media/catalog/product/s/i/silk_roads_gallery_7_1.jpg?quality=80&fit=bounds&height=700&width=700&canvas=700:700,https://www.foliosociety.com/media/catalog/product/s/i/silk_roads_gallery_9.jpg?quality=80&fit=bounds&height=700&width=700&canvas=700:700,https://www.foliosociety.com/media/catalog/product/s/i/silk_roads_gallery_11_1.jpg?quality=80&fit=bounds&height=700&width=700&canvas=700:700,https://www.foliosociety.com/media/catalog/product/s/i/silk_roads_gallery_5_1.jpg?quality=80&fit=bounds&height=700&width=700&canvas=700:700,https://www.foliosociety.com/media/catalog/product/s/i/silk_roads_gallery_13_1.jpg?quality=80&fit=bounds&height=700&width=700&canvas=700:700,https://www.foliosociety.com/media/catalog/product/s/i/silk_roads_gallery_14_1.jpg?quality=80&fit=bounds&height=700&width=700&canvas=700:700,https://www.foliosociety.com/media/catalog/product/s/i/silk_roads_gallery_15_1.jpg?quality=80&fit=bounds&height=700&width=700&canvas=700:700,https://www.foliosociety.com/media/catalog/product/s/i/silk_roads_gallery_3_1.jpg?quality=80&fit=bounds&height=700&width=700&canvas=700:700",The Silk Roads is a revolutionary world history told from the perspective of the East. This beautiful Folio collector’s edition of the international bestseller is signed by Peter Frankopan.,,,£250.00,The Silk Roads (signed edition),https://www.foliosociety.com/row/the-silk-roads-signed-edition.html
Anne Applebaum,"https://www.foliosociety.com/media/catalog/product/i/c/icur_bookshot.png?quality=80&fit=bounds&height=700&width=700&canvas=700:700,https://www.foliosociety.com/media/catalog/product/i/r/iron_curtain_gallery_2.jpg?quality=80&fit=bounds&height=700&width=700&canvas=700:700,https://www.foliosociety.com/media/catalog/product/i/r/iron_curtain_gallery_3.jpg?quality=80&fit=bounds&height=700&width=700&canvas=700:700,https://www.foliosociety.com/media/catalog/product/i/r/iron_curtain_gallery_5.jpg?quality=80&fit=bounds&height=700&width=700&canvas=700:700,https://www.foliosociety.com/media/catalog/product/i/r/iron_curtain_gallery_4.jpg?quality=80&fit=bounds&height=700&width=700&canvas=700:700,https://www.foliosociety.com/media/catalog/product/i/r/iron_curtain_gallery_6.jpg?quality=80&fit=bounds&height=700&width=700&canvas=700:700,https://www.foliosociety.com/media/catalog/product/i/r/iron_curtain_gallery_8.jpg?quality=80&fit=bounds&height=700&width=700&canvas=700:700,https://www.foliosociety.com/media/catalog/product/i/r/iron_curtain_gallery_1.jpg?quality=80&fit=bounds&height=700&width=700&canvas=700:700","Iron Curtain is Anne Applebaum’s landmark study of Eastern Europe under Soviet rule. An outstanding Folio edition with newly selected pictures, plus an exclusive introduction on chilling parallels with the invasion of Ukraine.",,,£95.00,Iron Curtain,https://www.foliosociety.com/row/iron-curtain.html
William Blake,"https://www.foliosociety.com/media/catalog/product/s/o/soil_bookshot.png?quality=80&fit=bounds&height=700&width=700&canvas=700:700,https://www.foliosociety.com/media/catalog/product/s/o/songs_of_innocence_gallery_3.jpg?quality=80&fit=bounds&height=700&width=700&canvas=700:700,https://www.foliosociety.com/media/catalog/product/s/o/songs_of_innocence_gallery_2.jpg?quality=80&fit=bounds&height=700&width=700&canvas=700:700,https://www.foliosociety.com/media/catalog/product/s/o/songs_of_innocence_gallery_4.jpg?quality=80&fit=bounds&height=700&width=700&canvas=700:700,https://www.foliosociety.com/media/catalog/product/s/o/songs_of_innocence_gallery_5.jpg?quality=80&fit=bounds&height=700&width=700&canvas=700:700,https://www.foliosociety.com/media/catalog/product/s/o/songs_of_innocence_gallery_1.jpg?quality=80&fit=bounds&height=700&width=700&canvas=700:700,https://www.foliosociety.com/media/catalog/product/s/o/songs_of_innocence_gallery_6.jpg?quality=80&fit=bounds&height=700&width=700&canvas=700:700,https://www.foliosociety.com/media/catalog/product/s/o/songs_of_innocence_gallery_7.jpg?quality=80&fit=bounds&height=700&width=700&canvas=700:700","With every poem perfectly reproduced from the finest surviving copy of William Blake’s Songs of Innocence and of Experience, this Folio collector’s edition is introduced by Patti Smith. ",,,£150.00,Songs of Innocence and of Experience,https://www.foliosociety.com/row/blake-songs-of-innocence-and-of-experience.html
Peter Frankopan,"https://www.foliosociety.com/media/catalog/product/s/k/skrd_bookshot.png?quality=80&fit=bounds&height=700&width=700&canvas=700:700,https://www.foliosociety.com/media/catalog/product/s/i/silk_roads_gallery_3.jpg?quality=80&fit=bounds&height=700&width=700&canvas=700:700,https://www.foliosociety.com/media/catalog/product/s/i/silk_roads_gallery_1.jpg?quality=80&fit=bounds&height=700&width=700&canvas=700:700,https://www.foliosociety.com/media/catalog/product/s/i/silk_roads_gallery_2.jpg?quality=80&fit=bounds&height=700&width=700&canvas=700:700,https://www.foliosociety.com/media/catalog/product/s/i/silk_roads_gallery_7.jpg?quality=80&fit=bounds&height=700&width=700&canvas=700:700,https://www.foliosociety.com/media/catalog/product/s/i/silk_roads_gallery_8.jpg?quality=80&fit=bounds&height=700&width=700&canvas=700:700,https://www.foliosociety.com/media/catalog/product/s/i/silk_roads_gallery_11.jpg?quality=80&fit=bounds&height=700&width=700&canvas=700:700,https://www.foliosociety.com/media/catalog/product/s/i/silk_roads_gallery_4.jpg?quality=80&fit=bounds&height=700&width=700&canvas=700:700,https://www.foliosociety.com/media/catalog/product/s/i/silk_roads_gallery_5.jpg?quality=80&fit=bounds&height=700&width=700&canvas=700:700,https://www.foliosociety.com/media/catalog/product/s/i/silk_roads_gallery_13.jpg?quality=80&fit=bounds&height=700&width=700&canvas=700:700,https://www.foliosociety.com/media/catalog/product/s/i/silk_roads_gallery_14.jpg?quality=80&fit=bounds&height=700&width=700&canvas=700:700,https://www.foliosociety.com/media/catalog/product/s/i/silk_roads_gallery_15.jpg?quality=80&fit=bounds&height=700&width=700&canvas=700:700,https://www.foliosociety.com/media/catalog/product/s/i/silk_roads_gallery_6.jpg?quality=80&fit=bounds&height=700&width=700&canvas=700:700","The Silk Roads is Peter Frankopan’s revolutionary world history told from the perspective of the East: a beautiful, illustrated Folio edition of an international bestseller.",,,£150.00,The Silk Roads,https://www.foliosociety.com/row/the-silk-roads.html
Andrew Cohen & Professor Brian Cox,"https://www.foliosociety.com/media/catalog/product/p/l/plan_bookshot.png?quality=80&fit=bounds&height=700&width=700&canvas=700:700,https://www.foliosociety.com/media/catalog/product/p/l/planets_gallery_4.jpg?quality=80&fit=bounds&height=700&width=700&canvas=700:700,https://www.foliosociety.com/media/catalog/product/p/l/planets_gallery_2.jpg?quality=80&fit=bounds&height=700&width=700&canvas=700:700,https://www.foliosociety.com/media/catalog/product/p/l/planets_gallery_5.jpg?quality=80&fit=bounds&height=700&width=700&canvas=700:700,https://www.foliosociety.com/media/catalog/product/p/l/planets_gallery_8.jpg?quality=80&fit=bounds&height=700&width=700&canvas=700:700,https://www.foliosociety.com/media/catalog/product/p/l/planets_gallery_6.jpg?quality=80&fit=bounds&height=700&width=700&canvas=700:700,https://www.foliosociety.com/media/catalog/product/p/l/planets_gallery_7.jpg?quality=80&fit=bounds&height=700&width=700&canvas=700:700,https://www.foliosociety.com/media/catalog/product/p/l/planets_gallery_9.jpg?quality=80&fit=bounds&height=700&width=700&canvas=700:700,https://www.foliosociety.com/media/catalog/product/p/l/planets_gallery_10.jpg?quality=80&fit=bounds&height=700&width=700&canvas=700:700,https://www.foliosociety.com/media/catalog/product/p/l/planets_gallery_11.jpg?quality=80&fit=bounds&height=700&width=700&canvas=700:700,https://www.foliosociety.com/media/catalog/product/p/l/planets_gallery_3.jpg?quality=80&fit=bounds&height=700&width=700&canvas=700:700,https://www.foliosociety.com/media/catalog/product/p/l/planets_gallery_1.jpg?quality=80&fit=bounds&height=700&width=700&canvas=700:700","The Planets is a thrilling tour of our solar system by Andrew Cohen and Professor Brian Cox, in a Folio edition with breathtaking NASA photography from the latest space missions. ",,,£90.00,The Planets,https://www.foliosociety.com/row/the-planets.html
Charles Darwin,"https://www.foliosociety.com/media/catalog/product/o/o/oosl_bookshot.png?quality=80&fit=bounds&height=700&width=700&canvas=700:700,https://www.foliosociety.com/media/catalog/product/o/r/origin_le_gallery_1.jpg?quality=80&fit=bounds&height=700&width=700&canvas=700:700,https://www.foliosociety.com/media/catalog/product/o/r/origin_le_gallery_2.jpg?quality=80&fit=bounds&height=700&width=700&canvas=700:700,https://www.foliosociety.com/media/catalog/product/o/r/origin_le_gallery_3.jpg?quality=80&fit=bounds&height=700&width=700&canvas=700:700,https://www.foliosociety.com/media/catalog/product/o/r/origin_le_gallery_4.jpg?quality=80&fit=bounds&height=700&width=700&canvas=700:700,https://www.foliosociety.com/media/catalog/product/o/r/origin_le_gallery_5.jpg?quality=80&fit=bounds&height=700&width=700&canvas=700:700,https://www.foliosociety.com/media/catalog/product/o/r/origin_le_gallery_6.jpg?quality=80&fit=bounds&height=700&width=700&canvas=700:700,https://www.foliosociety.com/media/catalog/product/o/r/origin_le_gallery_7.jpg?quality=80&fit=bounds&height=700&width=700&canvas=700:700,https://www.foliosociety.com/media/catalog/product/o/r/origin_le_gallery_8.jpg?quality=80&fit=bounds&height=700&width=700&canvas=700:700,https://www.foliosociety.com/media/catalog/product/o/r/origin_le_gallery_9.jpg?quality=80&fit=bounds&height=700&width=700&canvas=700:700","The book that revolutionised our view of life on earth more than any other, Charles Darwin’s On the Origin of Species, is presented in a fabulous Folio Society limited edition of 500 numbered copies; half-bound in leather with hand-marbled paper sides.",,,£500.00,On the Origin of Species (Limited Edition),https://www.foliosociety.com/row/on-the-origin-of-species-limited-edition.html
Stephen Jay Gould,"https://www.foliosociety.com/media/catalog/product/p/a/pand_bookshot.png?quality=80&fit=bounds&height=700&width=700&canvas=700:700,https://www.foliosociety.com/media/catalog/product/p/a/pandas_thumb_gallery_5.jpg?quality=80&fit=bounds&height=700&width=700&canvas=700:700,https://www.foliosociety.com/media/catalog/product/p/a/pandas_thumb_gallery_1.jpg?quality=80&fit=bounds&height=700&width=700&canvas=700:700,https://www.foliosociety.com/media/catalog/product/p/a/pandas_thumb_gallery_2.jpg?quality=80&fit=bounds&height=700&width=700&canvas=700:700,https://www.foliosociety.com/media/catalog/product/p/a/pandas_thumb_gallery_4.jpg?quality=80&fit=bounds&height=700&width=700&canvas=700:700","The Folio Society presents a superb, illustrated edition of The Panda’s Thumb – a best-selling, award-winning collection of evolutionary scientist Stephen Jay Gould’s greatest essays for Natural History magazine.",,,£60.00,The Panda’s Thumb,https://www.foliosociety.com/row/the-panda-s-thumb.html
Antonia Fraser,"https://www.foliosociety.com/media/catalog/product/s/w/swh8_bookshot.png?quality=80&fit=bounds&height=700&width=700&canvas=700:700,https://www.foliosociety.com/media/catalog/product/s/i/six_wives_gallery_2.jpg?quality=80&fit=bounds&height=700&width=700&canvas=700:700,https://www.foliosociety.com/media/catalog/product/s/i/six_wives_gallery_3.jpg?quality=80&fit=bounds&height=700&width=700&canvas=700:700,https://www.foliosociety.com/media/catalog/product/s/i/six_wives_gallery_4.jpg?quality=80&fit=bounds&height=700&width=700&canvas=700:700,https://www.foliosociety.com/media/catalog/product/s/i/six_wives_gallery_1.jpg?quality=80&fit=bounds&height=700&width=700&canvas=700:700,https://www.foliosociety.com/media/catalog/product/s/i/six_wives_gallery_5.jpg?quality=80&fit=bounds&height=700&width=700&canvas=700:700",The Six Wives of Henry VIII is Antonia Fraser’s groundbreaking historical biography of England’s most famous royal consorts – a critically acclaimed international bestseller presented in a lavishly illustrated Folio edition.,,,£85.00,The Six Wives of Henry VIII,https://www.foliosociety.com/row/the-six-wives-of-henry-viii.html
Humphrey Jennings,"https://www.foliosociety.com/media/catalog/product/p/d/pdm_bookshot.png?quality=80&fit=bounds&height=700&width=700&canvas=700:700,https://www.foliosociety.com/media/catalog/product/p/d/pdm_gallery-5.jpg?quality=80&fit=bounds&height=700&width=700&canvas=700:700,https://www.foliosociety.com/media/catalog/product/p/d/pdm_gallery-10.jpg?quality=80&fit=bounds&height=700&width=700&canvas=700:700,https://www.foliosociety.com/media/catalog/product/p/d/pdm_gallery-11_1.jpg?quality=80&fit=bounds&height=700&width=700&canvas=700:700,https://www.foliosociety.com/media/catalog/product/p/d/pdm_gallery-8.jpg?quality=80&fit=bounds&height=700&width=700&canvas=700:700,https://www.foliosociety.com/media/catalog/product/p/d/pdm_gallery-1.jpg?quality=80&fit=bounds&height=700&width=700&canvas=700:700,https://www.foliosociety.com/media/catalog/product/p/d/pdm_gallery-7.jpg?quality=80&fit=bounds&height=700&width=700&canvas=700:700,https://www.foliosociety.com/media/catalog/product/p/d/pdm_gallery-9.jpg?quality=80&fit=bounds&height=700&width=700&canvas=700:700,https://www.foliosociety.com/media/catalog/product/p/d/pdm_gallery-4.jpg?quality=80&fit=bounds&height=700&width=700&canvas=700:700,https://www.foliosociety.com/media/catalog/product/p/d/pdm_gallery-2_1.jpg?quality=80&fit=bounds&height=700&width=700&canvas=700:700,https://www.foliosociety.com/media/catalog/product/p/d/pdm_gallery-6.jpg?quality=80&fit=bounds&height=700&width=700&canvas=700:700","Gathering hundreds of voices, Pandaemonium is Humphrey Jennings's eyewitness account of the rise of the machine age – a superb, illustrated Folio Society edition of the book that inspired the London Olympics Opening Ceremony.",,,£100.00,Pandaemonium,https://www.foliosociety.com/row/pandaemonium.html
Jan Morris,"https://www.foliosociety.com/media/catalog/product/c/p/cpmd_bookshot.png?quality=80&fit=bounds&height=700&width=700&canvas=700:700,https://www.foliosociety.com/media/catalog/product/c/o/conundrum_gallery_2.jpg?quality=80&fit=bounds&height=700&width=700&canvas=700:700,https://www.foliosociety.com/media/catalog/product/c/o/conundrum_gallery_5.jpg?quality=80&fit=bounds&height=700&width=700&canvas=700:700,https://www.foliosociety.com/media/catalog/product/c/o/conundrum_gallery_1.jpg?quality=80&fit=bounds&height=700&width=700&canvas=700:700,https://www.foliosociety.com/media/catalog/product/c/o/conundrum_gallery_3.jpg?quality=80&fit=bounds&height=700&width=700&canvas=700:700,https://www.foliosociety.com/media/catalog/product/c/o/conundrum_gallery_4.jpg?quality=80&fit=bounds&height=700&width=700&canvas=700:700","Conundrum is Jan Morris's classic memoir of her transition from man to woman. Marking the 50th anniversary since publication, this edition includes archive photographs and a new introduction by CN Lester.",,,£44.95,Conundrum,https://www.foliosociety.com/row/conundrum.html
Stephen E. Ambrose,"https://www.foliosociety.com/media/catalog/product/a/b/abob_bookshot.png?quality=80&fit=bounds&height=700&width=700&canvas=700:700,https://www.foliosociety.com/media/catalog/product/b/a/band_of_brothers_gallery_3.jpg?quality=80&fit=bounds&height=700&width=700&canvas=700:700,https://www.foliosociety.com/media/catalog/product/b/a/band_of_brothers_gallery_4.jpg?quality=80&fit=bounds&height=700&width=700&canvas=700:700,https://www.foliosociety.com/media/catalog/product/b/a/band_of_brothers_gallery_2.jpg?quality=80&fit=bounds&height=700&width=700&canvas=700:700,https://www.foliosociety.com/media/catalog/product/b/a/band_of_brothers_gallery_5.jpg?quality=80&fit=bounds&height=700&width=700&canvas=700:700,https://www.foliosociety.com/media/catalog/product/b/a/band_of_brothers_gallery_6.jpg?quality=80&fit=bounds&height=700&width=700&canvas=700:700,https://www.foliosociety.com/media/catalog/product/b/a/band_of_brothers_gallery_1.jpg?quality=80&fit=bounds&height=700&width=700&canvas=700:700,https://www.foliosociety.com/media/catalog/product/b/a/band_of_brothers_gallery_8.jpg?quality=80&fit=bounds&height=700&width=700&canvas=700:700,https://www.foliosociety.com/media/catalog/product/b/a/band_of_brothers_gallery_9.jpg?quality=80&fit=bounds&height=700&width=700&canvas=700:700","With a new introduction by Cole C. Kingseed – Dick Winters’ biographer – Tom Hanks’ original foreword, and a brand-new picture selection, this Folio edition of Stephen E. Ambrose’s best-selling Band of Brothers is a triumph.",,,£60.00,Band of Brothers ,https://www.foliosociety.com/row/band-of-brothers.html
Joan Didion,"https://www.foliosociety.com/media/catalog/product/s/l/sltb_bookshot.png?quality=80&fit=bounds&height=700&width=700&canvas=700:700,https://www.foliosociety.com/media/catalog/product/s/l/sltb_gallery-1.jpg?quality=80&fit=bounds&height=700&width=700&canvas=700:700,https://www.foliosociety.com/media/catalog/product/s/l/sltb_gallery-5.jpg?quality=80&fit=bounds&height=700&width=700&canvas=700:700,https://www.foliosociety.com/media/catalog/product/s/l/sltb_gallery-3.jpg?quality=80&fit=bounds&height=700&width=700&canvas=700:700,https://www.foliosociety.com/media/catalog/product/s/l/sltb_gallery-4.jpg?quality=80&fit=bounds&height=700&width=700&canvas=700:700,https://www.foliosociety.com/media/catalog/product/s/l/sltb_gallery-2.jpg?quality=80&fit=bounds&height=700&width=700&canvas=700:700","Joan Didion’s visceral view of 1960s America is told in her first collection of journalism, Slouching Towards Bethlehem, presented in a new edition by Folio. Introduction and image selection by Pulitzer Prize-winning critic Hilton Als.",,,£75.00,Slouching Towards Bethlehem,https://www.foliosociety.com/row/slouching-towards-bethlehem.html
